340.xcc-b100_4183	r__Root; d__Bacteria; p__Pseudomonadota; c__Gammaproteobacteria; o__Lysobacterales; f__Lysobacteraceae; g__Xanthomonas; s__Xanthomonas campestris
28258.KP05_07225	r__Root; d__Bacteria; p__Pseudomonadota; c__Gammaproteobacteria; o__Oceanospirillales; f__Halomonadaceae; g__Cobetia; s__Cobetia marina
269796.Rru_A1725	r__Root; d__Bacteria; p__Pseudomonadota; c__Alphaproteobacteria; o__Rhodospirillales; f__Rhodospirillaceae; g__Rhodospirillum; s__Rhodospirillum rubrum
272123.Anacy_5601	r__Root; d__Bacteria; p__Cyanobacteriota; c__Cyanophyceae; o__Nostocales; f__Nostocaceae; g__Anabaena; s__Anabaena cylindrica
272558.10172973	r__Root; d__Bacteria; p__Bacillota; c__Bacilli; o__Bacillales; f__Bacillaceae; g__Halalkalibacterium (ex Joshi et al. 2022); s__Halalkalibacterium halodurans
272626.lin0807	r__Root; d__Bacteria; p__Bacillota; c__Bacilli; o__Bacillales; f__Listeriaceae; g__Listeria; s__Listeria innocua
278197.PEPE_0657	r__Root; d__Bacteria; p__Bacillota; c__Bacilli; o__Lactobacillales; f__Lactobacillaceae; g__Pediococcus; s__Pediococcus pentosaceus
288000.BBta_0791	r__Root; d__Bacteria; p__Pseudomonadota; c__Alphaproteobacteria; o__Hyphomicrobiales; f__Nitrobacteraceae; g__Bradyrhizobium; s__Bradyrhizobium sp. BTAi1
291985.CCSI01000001_gene2664	r__Root; d__Bacteria; p__Pseudomonadota; c__Alphaproteobacteria; o__Sphingomonadales; f__Erythrobacteraceae; g__Qipengyuania; s__Qipengyuania vulgaris
292415.Tbd_2167	r__Root; d__Bacteria; p__Pseudomonadota; c__Betaproteobacteria; o__Nitrosomonadales; f__Thiobacillaceae; g__Thiobacillus; s__Thiobacillus denitrificans
298386.PBPRA3376	r__Root; d__Bacteria; p__Pseudomonadota; c__Gammaproteobacteria; o__Vibrionales; f__Vibrionaceae; g__Photobacterium; s__Photobacterium profundum
305700.B447_03083	r__Root; d__Bacteria; p__Pseudomonadota; c__Betaproteobacteria; o__Rhodocyclales; f__Zoogloeaceae; g__Thauera; s__Thauera sp. 27
28444.JODQ01000007_gene5137	r__Root; d__Bacteria; p__Actinomycetota; c__Actinomycetes; o__Streptosporangiales; f__Streptosporangiaceae; g__Herbidospora; s__Herbidospora cretacea
306263.Cla_1514	r__Root; d__Bacteria; p__Campylobacterota; c__Epsilonproteobacteria; o__Campylobacterales; f__Campylobacteraceae; g__Campylobacter; s__Campylobacter lari
312153.Pnuc_0412	r__Root; d__Bacteria; p__Pseudomonadota; c__Betaproteobacteria; o__Burkholderiales; f__Burkholderiaceae; g__Polynucleobacter; s__Polynucleobacter asymbioticus
312309.VF_1651	r__Root; d__Bacteria; p__Pseudomonadota; c__Gammaproteobacteria; o__Vibrionales; f__Vibrionaceae; g__Aliivibrio; s__Aliivibrio fischeri
313606.M23134_08293	r__Root; d__Bacteria; p__Bacteroidota; c__Cytophagia; o__Cytophagales; f__Microscillaceae; g__Microscilla; s__Microscilla marina
313612.L8106_12785	r__Root; d__Bacteria; p__Cyanobacteriota; c__Cyanophyceae; o__Oscillatoriales; f__Microcoleaceae; g__Lyngbya; s__Lyngbya sp. PCC 8106
314230.DSM3645_10202	r__Root; d__Bacteria; p__Planctomycetota; c__Planctomycetia; o__Pirellulales; f__Pirellulaceae; g__Blastopirellula; s__Blastopirellula marina
314254.OA2633_06134	r__Root; d__Bacteria; p__Pseudomonadota; c__Alphaproteobacteria; o__Maricaulales; f__Maricaulaceae; g__Oceanicaulis; s__Oceanicaulis sp. HTCC2633
314292.VAS14_18886	r__Root; d__Bacteria; p__Pseudomonadota; c__Gammaproteobacteria; o__Vibrionales; f__Vibrionaceae; g__Photobacterium; s__Photobacterium angustum
316055.RPE_0718	r__Root; d__Bacteria; p__Pseudomonadota; c__Alphaproteobacteria; o__Hyphomicrobiales; f__Nitrobacteraceae; g__Rhodopseudomonas; s__Rhodopseudomonas palustris
316056.RPC_0758	r__Root; d__Bacteria; p__Pseudomonadota; c__Alphaproteobacteria; o__Hyphomicrobiales; f__Nitrobacteraceae; g__Rhodopseudomonas; s__Rhodopseudomonas palustris
29495.EA26_09750	r__Root; d__Bacteria; p__Pseudomonadota; c__Gammaproteobacteria; o__Vibrionales; f__Vibrionaceae; g__Vibrio; s__Vibrio navarrensis
316057.RPD_0785	r__Root; d__Bacteria; p__Pseudomonadota; c__Alphaproteobacteria; o__Hyphomicrobiales; f__Nitrobacteraceae; g__Rhodopseudomonas; s__Rhodopseudomonas palustris
316058.RPB_4625	r__Root; d__Bacteria; p__Pseudomonadota; c__Alphaproteobacteria; o__Hyphomicrobiales; f__Nitrobacteraceae; g__Rhodopseudomonas; s__Rhodopseudomonas palustris
316273.XCV4165	r__Root; d__Bacteria; p__Pseudomonadota; c__Gammaproteobacteria; o__Lysobacterales; f__Lysobacteraceae; g__Xanthomonas; s__Xanthomonas euvesicatoria
316275.VSAL_I1056	r__Root; d__Bacteria; p__Pseudomonadota; c__Gammaproteobacteria; o__Vibrionales; f__Vibrionaceae; g__Aliivibrio; s__Aliivibrio salmonicida
317013.NY99_05085	r__Root; d__Bacteria; p__Pseudomonadota; c__Gammaproteobacteria; o__Lysobacterales; f__Lysobacteraceae; g__Xanthomonas; s__Xanthomonas phaseoli
317025.Tcr_1545	r__Root; d__Bacteria; p__Pseudomonadota; c__Gammaproteobacteria; o__Thiotrichales; f__Piscirickettsiaceae; g__Hydrogenovibrio; s__Hydrogenovibrio crunogenus
317619.ANKN01000055_gene1951	r__Root; d__Bacteria; p__Cyanobacteriota; c__Cyanophyceae; o__Prochlorotrichales; f__Prochlorotrichaceae; g__Prochlorothrix; s__Prochlorothrix hollandica
317936.Nos7107_3132	r__Root; d__Bacteria; p__Cyanobacteriota; c__Cyanophyceae; o__Nostocales; f__Nostocaceae; g__Nostoc; s__Nostoc sp. PCC 7107
318996.AXAZ01000045_gene1429	r__Root; d__Bacteria; p__Pseudomonadota; c__Alphaproteobacteria; o__Hyphomicrobiales; f__Nitrobacteraceae; g__Bradyrhizobium; s__Bradyrhizobium sp. WSM1743
319003.Bra1253DRAFT_05513	r__Root; d__Bacteria; p__Pseudomonadota; c__Alphaproteobacteria; o__Hyphomicrobiales; f__Nitrobacteraceae; g__Bradyrhizobium; s__Bradyrhizobium sp. WSM1253
29581.BW37_00582	r__Root; d__Bacteria; p__Pseudomonadota; c__Betaproteobacteria; o__Burkholderiales; f__Oxalobacteraceae; g__Janthinobacterium; s__Janthinobacterium lividum
322159.STER_1623	r__Root; d__Bacteria; p__Bacillota; c__Bacilli; o__Lactobacillales; f__Streptococcaceae; g__Streptococcus; s__Streptococcus thermophilus
323261.Noc_1132	r__Root; d__Bacteria; p__Pseudomonadota; c__Gammaproteobacteria; o__Chromatiales; f__Chromatiaceae; g__Nitrosococcus; s__Nitrosococcus oceani
323848.Nmul_A0461	r__Root; d__Bacteria; p__Pseudomonadota; c__Betaproteobacteria; o__Nitrosomonadales; f__Nitrosomonadaceae; g__Nitrosospira; s__Nitrosospira multiformis
323848.Nmul_A0465	r__Root; d__Bacteria; p__Pseudomonadota; c__Betaproteobacteria; o__Nitrosomonadales; f__Nitrosomonadaceae; g__Nitrosospira; s__Nitrosospira multiformis
325777.GW15_0219055	r__Root; d__Bacteria; p__Pseudomonadota; c__Gammaproteobacteria; o__Lysobacterales; f__Lysobacteraceae; g__Xanthomonas; s__Xanthomonas axonopodis
326298.Suden_1236	r__Root; d__Bacteria; p__Campylobacterota; c__Epsilonproteobacteria; o__Campylobacterales; f__Sulfurimonadaceae; g__Sulfurimonas; s__Sulfurimonas denitrificans
329726.AM1_0091	r__Root; d__Bacteria; p__Cyanobacteriota; c__Cyanophyceae; o__Acaryochloridales; f__Acaryochloridaceae; g__Acaryochloris; s__Acaryochloris marina
330214.NIDE1449	r__Root; d__Bacteria; p__Nitrospirota; c__Nitrospiria; o__Nitrospirales; f__Nitrospiraceae; g__Nitrospira; s__Nitrospira defluvii
331869.BAL199_26836	r__Root; d__Bacteria; p__Pseudomonadota; c__Alphaproteobacteria
334390.LAF_1160	r__Root; d__Bacteria; p__Bacillota; c__Bacilli; o__Lactobacillales; f__Lactobacillaceae; g__Limosilactobacillus; s__Limosilactobacillus fermentum
32049.SYNPCC7002_A1096	r__Root; d__Bacteria; p__Cyanobacteriota; c__Cyanophyceae; o__Chroococcales; f__Geminocystaceae; g__Picosynechococcus; s__Picosynechococcus sp. PCC 7002
335283.Neut_1628	r__Root; d__Bacteria; p__Pseudomonadota; c__Betaproteobacteria; o__Nitrosomonadales; f__Nitrosomonadaceae; g__Nitrosomonas; s__Nitrosomonas eutropha
335659.S23_66850	r__Root
345073.VC395_A0311	r__Root; d__Bacteria; p__Pseudomonadota; c__Gammaproteobacteria; o__Vibrionales; f__Vibrionaceae; g__Vibrio; s__Vibrio cholerae
349519.LCK_01636	r__Root; d__Bacteria; p__Bacillota; c__Bacilli; o__Lactobacillales; f__Lactobacillaceae; g__Leuconostoc; s__Leuconostoc citreum
349520.PPE_00277	r__Root; d__Bacteria; p__Bacillota; c__Bacilli; o__Bacillales; f__Paenibacillaceae; g__Paenibacillus; s__Paenibacillus polymyxa
349521.HCH_00805	r__Root; d__Bacteria; p__Pseudomonadota; c__Gammaproteobacteria; o__Oceanospirillales; f__Hahellaceae; g__Hahella; s__Hahella chejuensis
349965.yinte0001_11630	r__Root; d__Bacteria; p__Pseudomonadota; c__Gammaproteobacteria; o__Enterobacterales; f__Yersiniaceae; g__Yersinia; s__Yersinia intermedia
349966.DJ58_2771	r__Root; d__Bacteria; p__Pseudomonadota; c__Gammaproteobacteria; o__Enterobacterales; f__Yersiniaceae; g__Yersinia; s__Yersinia frederiksenii
353496.LBU_0393	r__Root; d__Bacteria; p__Bacillota; c__Bacilli; o__Lactobacillales; f__Lactobacillaceae; g__Lactobacillus; s__Lactobacillus delbrueckii
357804.Ping_1480	r__Root; d__Bacteria; p__Pseudomonadota; c__Gammaproteobacteria; o__Alteromonadales; f__Psychromonadaceae; g__Psychromonas; s__Psychromonas ingrahamii
33898.JRHJ01000055_gene5849	r__Root; d__Bacteria; p__Actinomycetota; c__Actinomycetes; o__Kitasatosporales; f__Streptomycetaceae; g__Streptomyces; s__Streptomyces galbus
358220.C380_21325	r__Root; d__Bacteria; p__Pseudomonadota; c__Betaproteobacteria; o__Burkholderiales; f__Comamonadaceae; g__Acidovorax; s__Acidovorax sp. KKS102
358823.DF19_20250	r__Root; d__Bacteria; p__Actinomycetota; c__Actinomycetes; o__Kitasatosporales; f__Streptomycetaceae; g__Streptomyces; s__Streptomyces olindensis
366394.Smed_6140	r__Root; d__Bacteria; p__Pseudomonadota; c__Alphaproteobacteria; o__Hyphomicrobiales; f__Rhizobiaceae; g__Sinorhizobium; s__Sinorhizobium medicae
366649.XFF4834R_chr39470	r__Root; d__Bacteria; p__Pseudomonadota; c__Gammaproteobacteria; o__Lysobacterales; f__Lysobacteraceae; g__Xanthomonas; s__Xanthomonas citri
373994.Riv7116_5716	r__Root; d__Bacteria; p__Cyanobacteriota; c__Cyanophyceae; o__Nostocales; f__Rivulariaceae; g__Rivularia; s__Rivularia sp. PCC 7116
380703.AHA_3404	r__Root; d__Bacteria; p__Pseudomonadota; c__Gammaproteobacteria; o__Aeromonadales; f__Aeromonadaceae; g__Aeromonas; s__Aeromonas hydrophila
381666.H16_B2403	r__Root; d__Bacteria; p__Pseudomonadota; c__Betaproteobacteria; o__Burkholderiales; f__Burkholderiaceae; g__Cupriavidus; s__Cupriavidus necator
382245.ASA_0902	r__Root; d__Bacteria; p__Pseudomonadota; c__Gammaproteobacteria; o__Aeromonadales; f__Aeromonadaceae; g__Aeromonas; s__Aeromonas salmonicida
382638.Hac_0392	r__Root; d__Bacteria; p__Campylobacterota; c__Epsilonproteobacteria; o__Campylobacterales; f__Helicobacteraceae; g__Helicobacter; s__Helicobacter acinonychis
386043.lwe0806	r__Root; d__Bacteria; p__Bacillota; c__Bacilli; o__Bacillales; f__Listeriaceae; g__Listeria; s__Listeria welshimeri
35703.DQ02_06185	r__Root; d__Bacteria; p__Pseudomonadota; c__Gammaproteobacteria; o__Enterobacterales; f__Enterobacteriaceae; g__Citrobacter; s__Citrobacter amalonaticus
387092.NIS_0368	r__Root; d__Bacteria; p__Campylobacterota; c__Epsilonproteobacteria; o__Nautiliales; f__Nitratiruptoraceae; g__Nitratiruptor; s__Nitratiruptor sp. SB155-2
387093.SUN_1170	r__Root; d__Bacteria; p__Campylobacterota; c__Epsilonproteobacteria; o__Campylobacterales; f__Sulfurovaceae; g__Sulfurovum; s__Sulfurovum sp. NBC37-1
387344.LVIS_2247	r__Root; d__Bacteria; p__Bacillota; c__Bacilli; o__Lactobacillales; f__Lactobacillaceae; g__Levilactobacillus; s__Levilactobacillus brevis
388051.AUFE01000004_gene817	r__Root; d__Bacteria; p__Pseudomonadota; c__Betaproteobacteria; o__Burkholderiales; f__Burkholderiaceae; g__Cupriavidus; s__Cupriavidus sp. amp6
390333.Ldb0475	r__Root; d__Bacteria; p__Bacillota; c__Bacilli; o__Lactobacillales; f__Lactobacillaceae; g__Lactobacillus; s__Lactobacillus delbrueckii
391612.CY0110_00510	r__Root; d__Bacteria; p__Cyanobacteriota; c__Cyanophyceae; o__Chroococcales; f__Aphanothecaceae; g__Crocosphaera; s__Crocosphaera chwakensis
395495.Lcho_0512	r__Root; d__Bacteria; p__Pseudomonadota; c__Betaproteobacteria; o__Burkholderiales; f__Sphaerotilaceae; g__Leptothrix; s__Leptothrix cholodnii
395964.KE386496_gene1069	r__Root; d__Bacteria; p__Pseudomonadota; c__Alphaproteobacteria; o__Hyphomicrobiales; f__Beijerinckiaceae; g__Methylocapsa; s__Methylocapsa acidiphila
395965.Msil_2853	r__Root; d__Bacteria; p__Pseudomonadota; c__Alphaproteobacteria; o__Hyphomicrobiales; f__Beijerinckiaceae; g__Methylocella; s__Methylocella silvestris
398511.BpOF4_17475	r__Root; d__Bacteria; p__Bacillota; c__Bacilli; o__Bacillales; f__Bacillaceae; g__Alkalihalophilus; s__Alkalihalophilus pseudofirmus
40571.JOEA01000014_gene1805	r__Root; d__Bacteria; p__Actinomycetota; c__Actinomycetes; o__Pseudonocardiales; f__Pseudonocardiaceae; g__Lentzea; s__Lentzea albidocapillata
399739.Pmen_3753	r__Root; d__Bacteria; p__Pseudomonadota; c__Gammaproteobacteria; o__Pseudomonadales; f__Pseudomonadaceae; g__Ectopseudomonas; s__Ectopseudomonas mendocina
399741.Spro_4422	r__Root; d__Bacteria; p__Pseudomonadota; c__Gammaproteobacteria; o__Enterobacterales; f__Yersiniaceae; g__Serratia; s__Serratia proteamaculans
399742.Ent638_3698	r__Root; d__Bacteria; p__Pseudomonadota; c__Gammaproteobacteria; o__Enterobacterales; f__Enterobacteriaceae; g__Enterobacter; s__Enterobacter sp. 638
405566.lhv_1977	r__Root; d__Bacteria; p__Bacillota; c__Bacilli; o__Lactobacillales; f__Lactobacillaceae; g__Lactobacillus; s__Lactobacillus helveticus
406817.XNC1_2800	r__Root; d__Bacteria; p__Pseudomonadota; c__Gammaproteobacteria; o__Enterobacterales; f__Morganellaceae; g__Xenorhabdus; s__Xenorhabdus nematophila
408672.NBCG_01104	r__Root; d__Bacteria; p__Actinomycetota; c__Actinomycetes; o__Propionibacteriales; f__Nocardioidaceae
414684.RC1_2781	r__Root; d__Bacteria; p__Pseudomonadota; c__Alphaproteobacteria; o__Rhodospirillales; f__Rhodospirillaceae; g__Rhodospirillum; s__Rhodospirillum centenum
421052.F945_00322	r__Root; d__Bacteria; p__Pseudomonadota; c__Gammaproteobacteria; o__Moraxellales; f__Moraxellaceae; g__Acinetobacter; s__Acinetobacter rudis
425400.LS65_03840	r__Root; d__Bacteria; p__Campylobacterota; c__Epsilonproteobacteria; o__Campylobacterales; f__Helicobacteraceae; g__Helicobacter; s__Helicobacter japonicus
426117.M446_2660	r__Root; d__Bacteria; p__Pseudomonadota; c__Alphaproteobacteria; o__Hyphomicrobiales; f__Methylobacteriaceae; g__Methylobacterium; s__Methylobacterium sp. 4-46
41431.PCC8801_0975	r__Root; d__Bacteria; p__Cyanobacteriota; c__Cyanophyceae; o__Chroococcales; f__Aphanothecaceae; g__Rippkaea; s__Rippkaea orientalis
435832.HMPREF0604_00221	r__Root; d__Bacteria; p__Pseudomonadota; c__Betaproteobacteria; o__Neisseriales; f__Neisseriaceae; g__Neisseria; s__Neisseria mucosa
435842.HMPREF0848_01309	r__Root; d__Bacteria; p__Bacillota; c__Bacilli; o__Lactobacillales; f__Streptococcaceae; g__Streptococcus; s__Streptococcus sp. C150
436114.SYO3AOP1_0578	r__Root; d__Bacteria; p__Aquificota; c__Aquificia; o__Aquificales; f__Hydrogenothermaceae; g__Sulfurihydrogenibium; s__Sulfurihydrogenibium sp. YO3AOP1
443598.AUFA01000001_gene1175	r__Root; d__Bacteria; p__Pseudomonadota; c__Alphaproteobacteria; o__Hyphomicrobiales; f__Nitrobacteraceae; g__Bradyrhizobium; s__Bradyrhizobium sp. Cp5.3
446462.Amir_2138	r__Root; d__Bacteria; p__Actinomycetota; c__Actinomycetes; o__Pseudonocardiales; f__Pseudonocardiaceae; g__Actinosynnema; s__Actinosynnema mirum
449447.MAE_14310	r__Root; d__Bacteria; p__Cyanobacteriota; c__Cyanophyceae; o__Chroococcales; f__Microcystaceae; g__Microcystis; s__Microcystis aeruginosa
469595.CSAG_03055	r__Root
472759.Nhal_2155	r__Root; d__Bacteria; p__Pseudomonadota; c__Gammaproteobacteria; o__Chromatiales; f__Chromatiaceae; g__Nitrosococcus; s__Nitrosococcus halophilus
483219.LILAB_15160	r__Root; d__Bacteria; p__Myxococcota; c__Myxococcia; o__Myxococcales; f__Myxococcaceae; g__Myxococcus; s__Myxococcus fulvus
497321.C664_12995	r__Root; d__Bacteria; p__Pseudomonadota; c__Betaproteobacteria; o__Rhodocyclales; f__Zoogloeaceae; g__Thauera; s__Thauera sp. 63
41431.PCC8801_3166	r__Root; d__Bacteria; p__Cyanobacteriota; c__Cyanophyceae; o__Chroococcales; f__Aphanothecaceae; g__Rippkaea; s__Rippkaea orientalis
497965.Cyan7822_4185	r__Root; d__Bacteria; p__Cyanobacteriota; c__Cyanophyceae; o__Chroococcales; f__Aphanothecaceae; g__Gloeothece; s__Gloeothece verrucosa
497965.Cyan7822_4950	r__Root; d__Bacteria; p__Cyanobacteriota; c__Cyanophyceae; o__Chroococcales; f__Aphanothecaceae; g__Gloeothece; s__Gloeothece verrucosa
497965.Cyan7822_4951	r__Root; d__Bacteria; p__Cyanobacteriota; c__Cyanophyceae; o__Chroococcales; f__Aphanothecaceae; g__Gloeothece; s__Gloeothece verrucosa
500640.CIT292_10626	r__Root; d__Bacteria; p__Pseudomonadota; c__Gammaproteobacteria; o__Enterobacterales; f__Enterobacteriaceae; g__Citrobacter; s__Citrobacter youngae
502025.Hoch_2989	r__Root; d__Bacteria; p__Myxococcota
504487.JCM19302_3325	r__Root; d__Bacteria; p__Bacteroidota; c__Flavobacteriia; o__Flavobacteriales; f__Flavobacteriaceae; g__Jejuia; s__Jejuia pallidilutea
511437.Lbuc_0568	r__Root; d__Bacteria; p__Bacillota; c__Bacilli; o__Lactobacillales; f__Lactobacillaceae; g__Lentilactobacillus; s__Lentilactobacillus buchneri
517722.AEUE01000008_gene76	r__Root; d__Bacteria; p__Pseudomonadota; c__Alphaproteobacteria; o__Sphingomonadales; f__Sphingomonadaceae; g__Citromicrobium; s__Citromicrobium sp. JLT1363
522306.CAP2UW1_1398	r__Root; d__Bacteria; p__Pseudomonadota; c__Betaproteobacteria
522306.CAP2UW1_1607	r__Root; d__Bacteria; p__Pseudomonadota; c__Betaproteobacteria
549.BW31_03722	r__Root; d__Bacteria; p__Pseudomonadota; c__Gammaproteobacteria; o__Enterobacterales; f__Erwiniaceae; g__Pantoea; s__Pantoea agglomerans
43989.cce_4328	r__Root; d__Bacteria; p__Cyanobacteriota; c__Cyanophyceae; o__Chroococcales; f__Aphanothecaceae; g__Crocosphaera; s__Crocosphaera subtropica
525318.HMPREF0497_1071	r__Root; d__Bacteria; p__Bacillota; c__Bacilli; o__Lactobacillales; f__Lactobacillaceae; g__Lentilactobacillus; s__Lentilactobacillus buchneri
525367.HMPREF0556_10943	r__Root; d__Bacteria; p__Bacillota; c__Bacilli; o__Bacillales; f__Listeriaceae; g__Listeria; s__Listeria grayi
527002.yaldo0001_14160	r__Root; d__Bacteria; p__Pseudomonadota; c__Gammaproteobacteria; o__Enterobacterales; f__Yersiniaceae; g__Yersinia; s__Yersinia aldovae
536019.Mesop_6170	r__Root; d__Bacteria; p__Pseudomonadota; c__Alphaproteobacteria; o__Hyphomicrobiales; f__Phyllobacteriaceae; g__Mesorhizobium; s__Mesorhizobium opportunistum
543734.LCABL_07100	r__Root; d__Bacteria; p__Bacillota; c__Bacilli; o__Lactobacillales; f__Lactobacillaceae; g__Lacticaseibacillus; s__Lacticaseibacillus casei
546264.NEIFLAOT_02209	r__Root; d__Bacteria; p__Pseudomonadota; c__Betaproteobacteria; o__Neisseriales; f__Neisseriaceae; g__Neisseria; s__Neisseria flavescens
546266.NEIMUCOT_04712	r__Root; d__Bacteria; p__Pseudomonadota; c__Betaproteobacteria; o__Neisseriales; f__Neisseriaceae; g__Neisseria; s__Neisseria mucosa
546268.NEISUBOT_03754	r__Root; d__Bacteria; p__Pseudomonadota; c__Betaproteobacteria; o__Neisseriales; f__Neisseriaceae; g__Neisseria; s__Neisseria subflava
547045.NEISICOT_03138	r__Root; d__Bacteria; p__Pseudomonadota; c__Betaproteobacteria; o__Neisseriales; f__Neisseriaceae; g__Neisseria; s__Neisseria sicca
551275.KB899548_gene74	r__Root; d__Bacteria; p__Pseudomonadota; c__Alphaproteobacteria; o__Hyphomonadales; f__Hyphomonadaceae; g__Hirschia; s__Hirschia maritima
44251.PDUR_10430	r__Root; d__Bacteria; p__Bacillota; c__Bacilli; o__Bacillales; f__Paenibacillaceae; g__Paenibacillus; s__Paenibacillus durus
551789.ATVJ01000001_gene1930	r__Root; d__Bacteria; p__Pseudomonadota; c__Alphaproteobacteria; o__Hyphomonadales; f__Hyphomonadaceae; g__Ponticaulis; s__Ponticaulis koreensis
553385.JEMF01000099_gene1648	r__Root; d__Bacteria; p__Pseudomonadota; c__Gammaproteobacteria; o__Oceanospirillales; f__Halomonadaceae; g__Cobetia; s__Cobetia crustatorum
561230.PC1_0238	r__Root; d__Bacteria; p__Pseudomonadota; c__Gammaproteobacteria; o__Enterobacterales; f__Pectobacteriaceae; g__Pectobacterium; s__Pectobacterium carotovorum
561231.Pecwa_0242	r__Root; d__Bacteria; p__Pseudomonadota; c__Gammaproteobacteria; o__Enterobacterales; f__Pectobacteriaceae; g__Pectobacterium; s__Pectobacterium parmentieri
565653.EGBG_00968	r__Root; d__Bacteria; p__Bacillota; c__Bacilli; o__Lactobacillales; f__Enterococcaceae; g__Enterococcus; s__Enterococcus gallinarum
565655.ECBG_00985	r__Root; d__Bacteria; p__Bacillota; c__Bacilli; o__Lactobacillales; f__Enterococcaceae; g__Enterococcus; s__Enterococcus casseliflavus
565664.EFXG_01388	r__Root; d__Bacteria; p__Bacillota; c__Bacilli; o__Lactobacillales; f__Enterococcaceae; g__Enterococcus; s__Enterococcus faecium
568703.LGG_00624	r__Root; d__Bacteria; p__Bacillota; c__Bacilli; o__Lactobacillales; f__Lactobacillaceae; g__Lacticaseibacillus; s__Lacticaseibacillus rhamnosus
572477.Alvin_2019	r__Root; d__Bacteria; p__Pseudomonadota; c__Gammaproteobacteria; o__Chromatiales; f__Chromatiaceae; g__Allochromatium; s__Allochromatium vinosum
572480.Arnit_0361	r__Root; d__Bacteria; p__Campylobacterota; c__Epsilonproteobacteria; o__Campylobacterales; f__Arcobacteraceae; g__Arcobacter; s__Arcobacter nitrofigilis
46256.BBIK01000006_gene1100	r__Root; d__Bacteria; p__Bacillota; c__Bacilli; o__Lactobacillales; f__Lactobacillaceae; g__Weissella; s__Weissella hellenica
573065.Astex_1246	r__Root; d__Bacteria; p__Pseudomonadota; c__Alphaproteobacteria; o__Caulobacterales; f__Caulobacteraceae; g__Asticcacaulis; s__Asticcacaulis excentricus
575586.HMPREF0016_00686	r__Root; d__Bacteria; p__Pseudomonadota; c__Gammaproteobacteria; o__Moraxellales; f__Moraxellaceae; g__Acinetobacter; s__Acinetobacter johnsonii
575588.ACPN01000045_gene2922	r__Root; d__Bacteria; p__Pseudomonadota; c__Gammaproteobacteria; o__Moraxellales; f__Moraxellaceae; g__Acinetobacter; s__Acinetobacter lwoffii
582402.Hbal_0921	r__Root; d__Bacteria; p__Pseudomonadota; c__Alphaproteobacteria; o__Hyphomonadales; f__Hyphomonadaceae; g__Hirschia; s__Hirschia baltica
583345.Mmol_1367	r__Root; d__Bacteria; p__Pseudomonadota; c__Betaproteobacteria; o__Nitrosomonadales; f__Methylophilaceae; g__Methylotenera; s__Methylotenera mobilis
585506.HMPREF0877_0980	r__Root; d__Bacteria; p__Bacillota; c__Bacilli; o__Lactobacillales; f__Lactobacillaceae; g__Weissella; s__Weissella paramesenteroides
595494.Tola_0382	r__Root; d__Bacteria; p__Pseudomonadota; c__Gammaproteobacteria; o__Aeromonadales; f__Aeromonadaceae; g__Tolumonas; s__Tolumonas auensis
596320.NEIFL0001_1477	r__Root; d__Bacteria; p__Pseudomonadota; c__Betaproteobacteria; o__Neisseriales; f__Neisseriaceae; g__Neisseria; s__Neisseria flavescens
613026.HRAG_00412	r__Root; d__Bacteria; p__Campylobacterota; c__Epsilonproteobacteria; o__Campylobacterales; f__Helicobacteraceae; g__Helicobacter; s__Helicobacter bilis
613026.HRAG_00818	r__Root; d__Bacteria; p__Campylobacterota; c__Epsilonproteobacteria; o__Campylobacterales; f__Helicobacteraceae; g__Helicobacter; s__Helicobacter bilis
50960.LS81_00955	r__Root; d__Bacteria; p__Campylobacterota; c__Epsilonproteobacteria; o__Campylobacterales; f__Helicobacteraceae; g__Helicobacter; s__Helicobacter trogontum
614083.AWQR01000006_gene336	r__Root; d__Bacteria; p__Pseudomonadota; c__Betaproteobacteria; o__Burkholderiales; f__Comamonadaceae; g__Rhodoferax; s__Rhodoferax saidenbachensis
633149.Bresu_0390	r__Root; d__Bacteria; p__Pseudomonadota; c__Alphaproteobacteria; o__Caulobacterales; f__Caulobacteraceae; g__Brevundimonas; s__Brevundimonas subvibrioides
639030.JHVA01000001_gene1081	r__Root; d__Bacteria; p__Acidobacteriota; c__Terriglobia; o__Terriglobales; f__Acidobacteriaceae
640081.Dsui_0421	r__Root; d__Bacteria; p__Pseudomonadota; c__Betaproteobacteria; o__Rhodocyclales; f__Rhodocyclaceae; g__Azospira; s__Azospira oryzae
640513.Entas_3951	r__Root; d__Bacteria; p__Pseudomonadota; c__Gammaproteobacteria; o__Enterobacterales; f__Enterobacteriaceae; g__Enterobacter; s__Enterobacter asburiae
641149.HMPREF9016_00673	r__Root; d__Bacteria; p__Pseudomonadota; c__Betaproteobacteria; o__Neisseriales; f__Neisseriaceae; g__Neisseria; s__Neisseria sp. oral taxon 014
648996.Theam_1576	r__Root; d__Bacteria; p__Aquificota; c__Aquificia; o__Desulfurobacteriales; f__Desulfurobacteriaceae; g__Thermovibrio; s__Thermovibrio ammonificans
652103.Rpdx1_0954	r__Root; d__Bacteria; p__Pseudomonadota; c__Alphaproteobacteria; o__Hyphomicrobiales; f__Nitrobacteraceae; g__Rhodopseudomonas; s__Rhodopseudomonas palustris
663610.JQKO01000008_gene145	r__Root; d__Bacteria; p__Pseudomonadota; c__Alphaproteobacteria; o__Hyphomicrobiales; f__Beijerinckiaceae; g__Methylocapsa; s__Methylocapsa aurea
666681.M301_2108	r__Root; d__Bacteria; p__Pseudomonadota; c__Betaproteobacteria; o__Nitrosomonadales; f__Methylophilaceae; g__Methylotenera; s__Methylotenera versatilis
50960.LS81_06595	r__Root; d__Bacteria; p__Campylobacterota; c__Epsilonproteobacteria; o__Campylobacterales; f__Helicobacteraceae; g__Helicobacter; s__Helicobacter trogontum
674977.VMC_09290	r__Root; d__Bacteria; p__Pseudomonadota; c__Gammaproteobacteria; o__Vibrionales; f__Vibrionaceae; g__Vibrio; s__Vibrio alginolyticus
674977.VMC_11430	r__Root; d__Bacteria; p__Pseudomonadota; c__Gammaproteobacteria; o__Vibrionales; f__Vibrionaceae; g__Vibrio; s__Vibrio alginolyticus
675806.VII_000625	r__Root; d__Bacteria; p__Pseudomonadota; c__Gammaproteobacteria; o__Vibrionales; f__Vibrionaceae; g__Vibrio; s__Vibrio mimicus
675814.VIC_002759	r__Root; d__Bacteria; p__Pseudomonadota; c__Gammaproteobacteria; o__Vibrionales; f__Vibrionaceae; g__Vibrio; s__Vibrio coralliilyticus
675817.VDA_003045	r__Root; d__Bacteria; p__Pseudomonadota; c__Gammaproteobacteria; o__Vibrionales; f__Vibrionaceae; g__Photobacterium; s__Photobacterium damselae
679897.HMU03230	r__Root; d__Bacteria; p__Campylobacterota; c__Epsilonproteobacteria; o__Campylobacterales; f__Helicobacteraceae; g__Helicobacter; s__Helicobacter mustelae
683837.lse_0706	r__Root; d__Bacteria; p__Bacillota; c__Bacilli; o__Bacillales; f__Listeriaceae; g__Listeria; s__Listeria seeligeri
685035.ADAE01000018_gene571	r__Root; d__Bacteria; p__Pseudomonadota; c__Alphaproteobacteria; o__Sphingomonadales; f__Sphingomonadaceae; g__Citromicrobium; s__Citromicrobium bathyomarinum
686578.AFFX01000003_gene425	r__Root; d__Bacteria; p__Pseudomonadota; c__Gammaproteobacteria; o__Pseudomonadales; f__Pseudomonadaceae; g__Pseudomonas; s__Pseudomonas sp. S9
696748.ASU2_08145	r__Root; d__Bacteria; p__Pseudomonadota; c__Gammaproteobacteria; o__Pasteurellales; f__Pasteurellaceae; g__Actinobacillus; s__Actinobacillus suis
55207.KP22_15795	r__Root; d__Bacteria; p__Pseudomonadota; c__Gammaproteobacteria; o__Enterobacterales; f__Pectobacteriaceae; g__Pectobacterium; s__Pectobacterium betavasculorum
701521.PECL_177	r__Root; d__Bacteria; p__Bacillota; c__Bacilli; o__Lactobacillales; f__Lactobacillaceae; g__Pediococcus; s__Pediococcus claussenii
710393.HSUHS1_0161	r__Root; d__Bacteria; p__Campylobacterota; c__Epsilonproteobacteria; o__Campylobacterales; f__Helicobacteraceae; g__Helicobacter; s__Helicobacter suis
712898.Pvag_1579	r__Root; d__Bacteria; p__Pseudomonadota; c__Gammaproteobacteria; o__Enterobacterales; f__Erwiniaceae; g__Pantoea; s__Pantoea vagans
715226.ABI_33470	r__Root; d__Bacteria; p__Pseudomonadota; c__Alphaproteobacteria; o__Caulobacterales; f__Caulobacteraceae; g__Asticcacaulis; s__Asticcacaulis biprosthecium
716541.ECL_00082	r__Root; d__Bacteria; p__Pseudomonadota; c__Gammaproteobacteria; o__Enterobacterales; f__Enterobacteriaceae; g__Enterobacter; s__Enterobacter cloacae
716928.AJQT01000043_gene3190	r__Root; d__Bacteria; p__Pseudomonadota; c__Alphaproteobacteria; o__Hyphomicrobiales; f__Rhizobiaceae; g__Sinorhizobium; s__Sinorhizobium sojae
717772.THIAE_07790	r__Root; d__Bacteria; p__Pseudomonadota; c__Gammaproteobacteria; o__Thiotrichales; f__Piscirickettsiaceae; g__Thiomicrospira; s__Thiomicrospira aerophila
741091.Rahaq_4024	r__Root
745277.GRAQ_03125	r__Root; d__Bacteria; p__Pseudomonadota; c__Gammaproteobacteria; o__Enterobacterales; f__Yersiniaceae; g__Rahnella; s__Rahnella aquatilis
748247.AZKH_3804	r__Root; d__Bacteria; p__Pseudomonadota; c__Betaproteobacteria; o__Rhodocyclales; f__Zoogloeaceae; g__Azoarcus; s__Azoarcus sp. KH32C
55601.VANGNB10_cII0758c	r__Root; d__Bacteria; p__Pseudomonadota; c__Gammaproteobacteria; o__Vibrionales; f__Vibrionaceae; g__Vibrio; s__Vibrio anguillarum
748247.AZKH_4170	r__Root; d__Bacteria; p__Pseudomonadota; c__Betaproteobacteria; o__Rhodocyclales; f__Zoogloeaceae; g__Azoarcus; s__Azoarcus sp. KH32C
754035.Mesau_05640	r__Root; d__Bacteria; p__Pseudomonadota; c__Alphaproteobacteria; o__Hyphomicrobiales; f__Phyllobacteriaceae; g__Mesorhizobium; s__Mesorhizobium australicum
754436.JCM19237_3346	r__Root; d__Bacteria; p__Pseudomonadota; c__Gammaproteobacteria; o__Vibrionales; f__Vibrionaceae; g__Photobacterium; s__Photobacterium aphoticum
754436.JCM19237_3347	r__Root; d__Bacteria; p__Pseudomonadota; c__Gammaproteobacteria; o__Vibrionales; f__Vibrionaceae; g__Photobacterium; s__Photobacterium aphoticum
760117.JN27_16770	r__Root; d__Bacteria; p__Pseudomonadota; c__Betaproteobacteria; o__Burkholderiales; f__Oxalobacteraceae; g__Massilia; s__Massilia consociata
762051.LKI_06310	r__Root; d__Bacteria; p__Bacillota; c__Bacilli; o__Lactobacillales; f__Lactobacillaceae; g__Leuconostoc; s__Leuconostoc kimchii
762550.LEGAS_1773	r__Root; d__Bacteria; p__Bacillota; c__Bacilli; o__Lactobacillales; f__Lactobacillaceae; g__Leuconostoc; s__Leuconostoc gasicomitatum
765698.Mesci_5588	r__Root; d__Bacteria; p__Pseudomonadota; c__Alphaproteobacteria; o__Hyphomicrobiales; f__Phyllobacteriaceae; g__Mesorhizobium; s__Mesorhizobium ciceri
765910.MARPU_02270	r__Root; d__Bacteria; p__Pseudomonadota; c__Gammaproteobacteria; o__Chromatiales; f__Chromatiaceae; g__Marichromatium; s__Marichromatium purpuratum
765911.Thivi_1754	r__Root; d__Bacteria; p__Pseudomonadota; c__Gammaproteobacteria; o__Chromatiales; f__Chromatiaceae; g__Thiocystis; s__Thiocystis violascens
60520.HR47_14640	r__Root; d__Bacteria; p__Bacillota; c__Bacilli; o__Lactobacillales; f__Lactobacillaceae; g__Lactiplantibacillus; s__Lactiplantibacillus paraplantarum
765911.Thivi_4491	r__Root; d__Bacteria; p__Pseudomonadota; c__Gammaproteobacteria; o__Chromatiales; f__Chromatiaceae; g__Thiocystis; s__Thiocystis violascens
765912.Thimo_0919	r__Root; d__Bacteria; p__Pseudomonadota; c__Gammaproteobacteria; o__Chromatiales; f__Chromatiaceae; g__Thioflavicoccus; s__Thioflavicoccus mobilis
765913.ThidrDRAFT_2074	r__Root; d__Bacteria; p__Pseudomonadota; c__Gammaproteobacteria; o__Chromatiales; f__Chromatiaceae; g__Thiorhodococcus; s__Thiorhodococcus drewsii
765913.ThidrDRAFT_2604	r__Root; d__Bacteria; p__Pseudomonadota; c__Gammaproteobacteria; o__Chromatiales; f__Chromatiaceae; g__Thiorhodococcus; s__Thiorhodococcus drewsii
765913.ThidrDRAFT_2938	r__Root; d__Bacteria; p__Pseudomonadota; c__Gammaproteobacteria; o__Chromatiales; f__Chromatiaceae; g__Thiorhodococcus; s__Thiorhodococcus drewsii
768671.ThimaDRAFT_2350	r__Root; d__Bacteria; p__Pseudomonadota; c__Gammaproteobacteria; o__Chromatiales; f__Chromatiaceae; g__Thiocapsa; s__Thiocapsa marina
768671.ThimaDRAFT_3627	r__Root; d__Bacteria; p__Pseudomonadota; c__Gammaproteobacteria; o__Chromatiales; f__Chromatiaceae; g__Thiocapsa; s__Thiocapsa marina
768671.ThimaDRAFT_4894	r__Root; d__Bacteria; p__Pseudomonadota; c__Gammaproteobacteria; o__Chromatiales; f__Chromatiaceae; g__Thiocapsa; s__Thiocapsa marina
794846.AJQU01000056_gene4245	r__Root; d__Bacteria; p__Pseudomonadota; c__Alphaproteobacteria; o__Hyphomicrobiales; f__Rhizobiaceae; g__Sinorhizobium; s__Sinorhizobium sp. CCBAU 05631
797515.HMPREF9103_00034	r__Root; d__Bacteria; p__Bacillota; c__Bacilli; o__Lactobacillales; f__Lactobacillaceae; g__Lentilactobacillus; s__Lentilactobacillus parafarraginis
62928.azo0842	r__Root
862514.HMPREF0623_0567	r__Root; d__Bacteria; p__Bacillota; c__Bacilli; o__Lactobacillales; f__Lactobacillaceae; g__Pediococcus; s__Pediococcus acidilactici
862965.PARA_09260	r__Root; d__Bacteria; p__Pseudomonadota; c__Gammaproteobacteria; o__Pasteurellales; f__Pasteurellaceae; g__Haemophilus; s__Haemophilus parainfluenzae
864051.BurJ1DRAFT_4843	r__Root; d__Bacteria; p__Pseudomonadota; c__Betaproteobacteria; o__Burkholderiales
870187.Thini_0271	r__Root; d__Bacteria; p__Pseudomonadota; c__Gammaproteobacteria; o__Thiotrichales; f__Thiotrichaceae; g__Thiothrix; s__Thiothrix nivea
870187.Thini_3111	r__Root; d__Bacteria; p__Pseudomonadota; c__Gammaproteobacteria; o__Thiotrichales; f__Thiotrichaceae; g__Thiothrix; s__Thiothrix nivea
876269.ARWA01000001_gene691	r__Root; d__Bacteria; p__Pseudomonadota; c__Alphaproteobacteria; o__Hyphomicrobiales; f__Beijerinckiaceae; g__Methyloferula; s__Methyloferula stellata
880073.Calab_2256	r__Root; d__Bacteria; p__Calditrichota; c__Calditrichia; o__Calditrichales; f__Calditrichaceae; g__Caldithrix; s__Caldithrix abyssi
881621.LIV_0745	r__Root; d__Bacteria; p__Bacillota; c__Bacilli; o__Bacillales; f__Listeriaceae; g__Listeria; s__Listeria ivanovii
883080.HMPREF9697_02338	r__Root; d__Bacteria; p__Pseudomonadota; c__Alphaproteobacteria; o__Hyphomicrobiales; f__Nitrobacteraceae; g__Afipia; s__Afipia felis
883126.HMPREF9710_01541	r__Root; d__Bacteria; p__Pseudomonadota; c__Betaproteobacteria; o__Burkholderiales; f__Oxalobacteraceae; g__Massilia; s__Massilia timonae
65393.PCC7424_3535	r__Root; d__Bacteria; p__Cyanobacteriota; c__Cyanophyceae; o__Chroococcales; f__Aphanothecaceae; g__Gloeothece; s__Gloeothece citriformis
886293.Sinac_0012	r__Root; d__Bacteria; p__Planctomycetota; c__Planctomycetia; o__Isosphaerales; f__Isosphaeraceae; g__Singulisphaera; s__Singulisphaera acidiphila
886882.PPSC2_c0331	r__Root; d__Bacteria; p__Bacillota; c__Bacilli; o__Bacillales; f__Paenibacillaceae; g__Paenibacillus; s__Paenibacillus polymyxa
887062.HGR_10390	r__Root; d__Bacteria; p__Pseudomonadota; c__Betaproteobacteria; o__Burkholderiales; f__Comamonadaceae; g__Hylemonella; s__Hylemonella gracilis
887898.HMPREF0551_0310	r__Root; d__Bacteria; p__Pseudomonadota; c__Betaproteobacteria; o__Burkholderiales; f__Burkholderiaceae; g__Lautropia; s__Lautropia mirabilis
887898.HMPREF0551_0311	r__Root; d__Bacteria; p__Pseudomonadota; c__Betaproteobacteria; o__Burkholderiales; f__Burkholderiaceae; g__Lautropia; s__Lautropia mirabilis
888064.HMPREF9088_1269	r__Root; d__Bacteria; p__Bacillota; c__Bacilli; o__Lactobacillales; f__Enterococcaceae; g__Enterococcus; s__Enterococcus italicus
891974.E05_29310	r__Root; d__Bacteria; p__Pseudomonadota; c__Gammaproteobacteria; o__Enterobacterales; f__Enterobacteriaceae
904306.HMPREF9192_0699	r__Root; d__Bacteria; p__Bacillota; c__Bacilli; o__Lactobacillales; f__Streptococcaceae; g__Streptococcus; s__Streptococcus vestibularis
907239.HPSA_05825	r__Root; d__Bacteria; p__Campylobacterota; c__Epsilonproteobacteria; o__Campylobacterales; f__Helicobacteraceae; g__Helicobacter; s__Helicobacter pylori
907931.AEIZ01000002_gene502	r__Root; d__Bacteria; p__Bacillota; c__Bacilli; o__Lactobacillales; f__Lactobacillaceae; g__Leuconostoc; s__Leuconostoc fallax
571.MC52_05600	r__Root; d__Bacteria; p__Pseudomonadota; c__Gammaproteobacteria; o__Enterobacterales; f__Enterobacteriaceae; g__Klebsiella; s__Klebsiella oxytoca
66692.ABC3182	r__Root; d__Bacteria; p__Bacillota; c__Bacilli; o__Bacillales; f__Bacillaceae; g__Shouchella; s__Shouchella clausii
907931.AEIZ01000002_gene503	r__Root; d__Bacteria; p__Bacillota; c__Bacilli; o__Lactobacillales; f__Lactobacillaceae; g__Leuconostoc; s__Leuconostoc fallax
909613.UO65_0394	r__Root; d__Bacteria; p__Actinomycetota; c__Actinomycetes; o__Pseudonocardiales; f__Pseudonocardiaceae; g__Actinokineospora; s__Actinokineospora spheciospongiae
911008.GLAD_01976	r__Root; d__Bacteria; p__Pseudomonadota; c__Gammaproteobacteria; o__Enterobacterales; f__Enterobacteriaceae; g__Leclercia; s__Leclercia adecarboxylata
911104.AEKT01000028_gene1514	r__Root; d__Bacteria; p__Bacillota; c__Bacilli; o__Lactobacillales; f__Lactobacillaceae; g__Weissella; s__Weissella cibaria
913848.AELK01000194_gene129	r__Root; d__Bacteria; p__Bacillota; c__Bacilli; o__Lactobacillales; f__Lactobacillaceae; g__Loigolactobacillus; s__Loigolactobacillus coryniformis
926564.KI911670_gene6267	r__Root; d__Bacteria; p__Actinomycetota; c__Actinomycetes; o__Micrococcales; f__Promicromonosporaceae; g__Promicromonospora; s__Promicromonospora kroppenstedtii
927691.AEMI01000022_gene1613	r__Root; d__Bacteria; p__Bacillota; c__Bacilli; o__Lactobacillales; f__Lactobacillaceae; g__Leuconostoc; s__Leuconostoc gelidum
929558.SMGD1_2470	r__Root; d__Bacteria; p__Campylobacterota; c__Epsilonproteobacteria; o__Campylobacterales; f__Sulfurimonadaceae; g__Sulfurimonas; s__Sulfurimonas gotlandica
930946.AEOP01000018_gene1162	r__Root; d__Bacteria; p__Bacillota; c__Bacilli; o__Lactobacillales; f__Lactobacillaceae; g__Fructobacillus; s__Fructobacillus fructosus
935548.KI912159_gene5172	r__Root; d__Bacteria; p__Pseudomonadota; c__Alphaproteobacteria; o__Hyphomicrobiales; f__Phyllobacteriaceae; g__Mesorhizobium; s__Mesorhizobium loti
68170.KL590506_gene9721	r__Root; d__Bacteria; p__Actinomycetota; c__Actinomycetes; o__Pseudonocardiales; f__Pseudonocardiaceae; g__Lentzea; s__Lentzea aerocolonigenes
935557.ATYB01000009_gene974	r__Root; d__Bacteria; p__Pseudomonadota; c__Alphaproteobacteria; o__Hyphomicrobiales; f__Rhizobiaceae; g__Sinorhizobium; s__Sinorhizobium arboris
935836.JAEL01000112_gene1308	r__Root; d__Bacteria; p__Bacillota; c__Bacilli; o__Bacillales; f__Bacillaceae; g__Bacillus; s__Bacillus sp. J33
935840.JAEQ01000014_gene4061	r__Root; d__Bacteria; p__Pseudomonadota; c__Alphaproteobacteria; o__Hyphomicrobiales; f__Phyllobacteriaceae; g__Chelativorans; s__Chelativorans sp. J32
936136.ARRT01000006_gene4322	r__Root; d__Bacteria; p__Pseudomonadota; c__Alphaproteobacteria; o__Hyphomicrobiales; f__Rhizobiaceae; g__Rhizobium; s__Rhizobium leguminosarum
936155.HFELIS_06160	r__Root; d__Bacteria; p__Campylobacterota; c__Epsilonproteobacteria; o__Campylobacterales; f__Helicobacteraceae; g__Helicobacter; s__Helicobacter felis
945021.TEH_13900	r__Root; d__Bacteria; p__Bacillota; c__Bacilli; o__Lactobacillales; f__Enterococcaceae; g__Tetragenococcus; s__Tetragenococcus halophilus
945550.VISI1226_10837	r__Root; d__Bacteria; p__Pseudomonadota; c__Gammaproteobacteria; o__Vibrionales; f__Vibrionaceae; g__Vibrio; s__Vibrio sinaloensis
946483.Cenrod_2571	r__Root; d__Bacteria; p__Pseudomonadota; c__Betaproteobacteria; o__Burkholderiales; f__Comamonadaceae; g__Candidatus Symbiobacter; s__Candidatus Symbiobacter mobilis
977880.RALTA_B2166	r__Root; d__Bacteria; p__Pseudomonadota; c__Betaproteobacteria; o__Burkholderiales; f__Burkholderiaceae; g__Cupriavidus; s__Cupriavidus taiwanensis
981327.F925_01517	r__Root; d__Bacteria; p__Pseudomonadota; c__Gammaproteobacteria; o__Moraxellales; f__Moraxellaceae; g__Acinetobacter; s__Acinetobacter lwoffii
76636.JOEC01000002_gene2043	r__Root; d__Bacteria; p__Actinomycetota; c__Actinomycetes; o__Micrococcales; f__Microbacteriaceae; g__Mycetocola; s__Mycetocola saprophilus
983548.Krodi_1723	r__Root; d__Bacteria; p__Bacteroidota; c__Flavobacteriia; o__Flavobacteriales; f__Flavobacteriaceae; g__Dokdonia; s__Dokdonia sp. 4H-3-7-5
983917.RGE_09430	r__Root; d__Bacteria; p__Pseudomonadota; c__Betaproteobacteria; o__Burkholderiales; f__Sphaerotilaceae; g__Rubrivivax; s__Rubrivivax gelatinosus
984262.SGRA_2406	r__Root; d__Bacteria; p__Bacteroidota; c__Saprospiria; o__Saprospirales; f__Saprospiraceae; g__Saprospira; s__Saprospira grandis
985665.HPL003_09025	r__Root; d__Bacteria; p__Bacillota; c__Bacilli; o__Bacillales; f__Paenibacillaceae; g__Paenibacillus; s__Paenibacillus terrae
987059.RBXJA2T_14326	r__Root; d__Bacteria; p__Pseudomonadota; c__Betaproteobacteria; o__Burkholderiales; f__Sphaerotilaceae; g__Rubrivivax; s__Rubrivivax benzoatilyticus
997296.PB1_05792	r__Root; d__Bacteria; p__Bacillota; c__Bacilli; o__Bacillales; f__Bacillaceae; g__Bacillus; s__Bacillus methanolicus
998088.B565_0808	r__Root; d__Bacteria; p__Pseudomonadota; c__Gammaproteobacteria; o__Aeromonadales; f__Aeromonadaceae; g__Aeromonas; s__Aeromonas veronii
1000565.METUNv1_02978	r__Root; d__Bacteria; p__Pseudomonadota; c__Betaproteobacteria; o__Nitrosomonadales; f__Sterolibacteriaceae; g__Methyloversatilis; s__Methyloversatilis universalis
1001530.BACE01000003_gene1492	r__Root; d__Bacteria; p__Pseudomonadota; c__Gammaproteobacteria; o__Vibrionales; f__Vibrionaceae; g__Photobacterium; s__Photobacterium leiognathi
1002804.HBZC1_14670	r__Root; d__Bacteria; p__Campylobacterota; c__Epsilonproteobacteria; o__Campylobacterales; f__Helicobacteraceae; g__Helicobacter; s__Helicobacter bizzozeronii
78245.Xaut_2228	r__Root; d__Bacteria; p__Pseudomonadota; c__Alphaproteobacteria; o__Hyphomicrobiales; f__Xanthobacteraceae; g__Xanthobacter; s__Xanthobacter autotrophicus
1002809.SSIL_3574	r__Root; d__Bacteria; p__Bacillota; c__Bacilli; o__Bacillales; f__Caryophanaceae; g__Solibacillus; s__Solibacillus silvestris
1005999.GLGR_3749	r__Root; d__Bacteria; p__Pseudomonadota; c__Gammaproteobacteria; o__Enterobacterales; f__Budviciaceae; g__Leminorella; s__Leminorella grimontii
1006000.GKAS_00131	r__Root; d__Bacteria; p__Pseudomonadota; c__Gammaproteobacteria; o__Enterobacterales; f__Enterobacteriaceae; g__Kluyvera; s__Kluyvera ascorbata
1006004.GBAG_3734	r__Root; d__Bacteria; p__Pseudomonadota; c__Gammaproteobacteria; o__Enterobacterales; f__Enterobacteriaceae; g__Buttiauxella; s__Buttiauxella agrestis
1027396.LMOSA_16990	r__Root; d__Bacteria; p__Bacillota; c__Bacilli; o__Bacillales; f__Listeriaceae; g__Listeria; s__Listeria monocytogenes
1035839.AFNK01000006_gene1967	r__Root; d__Bacteria; p__Pseudomonadota; c__Gammaproteobacteria; o__Pasteurellales; f__Pasteurellaceae; g__Haemophilus; s__Haemophilus sputorum
1038862.KB893844_gene202	r__Root; d__Bacteria; p__Pseudomonadota; c__Alphaproteobacteria; o__Hyphomicrobiales; f__Nitrobacteraceae; g__Bradyrhizobium; s__Bradyrhizobium japonicum
1038866.KB902797_gene135	r__Root; d__Bacteria; p__Pseudomonadota; c__Alphaproteobacteria; o__Hyphomicrobiales; f__Nitrobacteraceae; g__Bradyrhizobium; s__Bradyrhizobium sp. WSM2793
1038867.AXAY01000044_gene1163	r__Root; d__Bacteria; p__Pseudomonadota; c__Alphaproteobacteria; o__Hyphomicrobiales; f__Nitrobacteraceae; g__Bradyrhizobium; s__Bradyrhizobium sp. WSM3983
1040982.AXAL01000004_gene4470	r__Root; d__Bacteria; p__Pseudomonadota; c__Alphaproteobacteria; o__Hyphomicrobiales; f__Phyllobacteriaceae; g__Mesorhizobium; s__Mesorhizobium loti
78398.KS43_15810	r__Root; d__Bacteria; p__Pseudomonadota; c__Gammaproteobacteria; o__Enterobacterales; f__Pectobacteriaceae; g__Pectobacterium; s__Pectobacterium odoriferum
1040983.AXAE01000006_gene4325	r__Root; d__Bacteria; p__Pseudomonadota; c__Alphaproteobacteria; o__Hyphomicrobiales; f__Phyllobacteriaceae; g__Mesorhizobium; s__Mesorhizobium erdmanii
1041139.KB902724_gene3998	r__Root; d__Bacteria; p__Pseudomonadota; c__Alphaproteobacteria; o__Hyphomicrobiales; f__Rhizobiaceae; g__Rhizobium; s__Rhizobium giardinii
1041142.ATTP01000001_gene2286	r__Root; d__Bacteria; p__Pseudomonadota; c__Alphaproteobacteria; o__Hyphomicrobiales; f__Rhizobiaceae; g__Rhizobium; s__Rhizobium leguminosarum
1041146.ATZB01000088_gene1305	r__Root; d__Bacteria; p__Pseudomonadota; c__Alphaproteobacteria; o__Hyphomicrobiales; f__Rhizobiaceae; g__Rhizobium; s__Rhizobium sullae
1041159.AZUW01000020_gene1299	r__Root; d__Bacteria; p__Pseudomonadota; c__Alphaproteobacteria; o__Hyphomicrobiales; f__Rhizobiaceae; g__Ensifer; s__Ensifer sp. WSM1721
1045004.OKIT_0832	r__Root; d__Bacteria; p__Bacillota; c__Bacilli; o__Lactobacillales; f__Lactobacillaceae; g__Oenococcus; s__Oenococcus kitaharae
1045856.EcWSU1_04068	r__Root; d__Bacteria; p__Pseudomonadota; c__Gammaproteobacteria; o__Enterobacterales; f__Enterobacteriaceae; g__Enterobacter; s__Enterobacter cloacae
1046625.AFQY01000003_gene2399	r__Root; d__Bacteria; p__Pseudomonadota; c__Gammaproteobacteria; o__Moraxellales; f__Moraxellaceae; g__Acinetobacter; s__Acinetobacter lwoffii
1046629.Ssal_00372	r__Root; d__Bacteria; p__Bacillota; c__Bacilli; o__Lactobacillales; f__Streptococcaceae; g__Streptococcus; s__Streptococcus salivarius
1051646.VITU9109_18805	r__Root; d__Bacteria; p__Pseudomonadota; c__Gammaproteobacteria; o__Vibrionales; f__Vibrionaceae; g__Vibrio; s__Vibrio tubiashii
82996.sch_23715	r__Root; d__Bacteria; p__Pseudomonadota; c__Gammaproteobacteria; o__Enterobacterales; f__Yersiniaceae; g__Serratia; s__Serratia plymuthica
1052684.PPM_0307	r__Root; d__Bacteria; p__Bacillota; c__Bacilli; o__Bacillales; f__Paenibacillaceae; g__Paenibacillus; s__Paenibacillus polymyxa
1057002.KB905370_gene3948	r__Root; d__Bacteria; p__Pseudomonadota; c__Alphaproteobacteria; o__Hyphomicrobiales; f__Rhizobiaceae; g__Ensifer; s__Ensifer sp. BR816
1069533.Sinf_1665	r__Root; d__Bacteria; p__Bacillota; c__Bacilli; o__Lactobacillales; f__Streptococcaceae; g__Streptococcus; s__Streptococcus infantarius
1073999.BN137_2223	r__Root; d__Bacteria; p__Pseudomonadota; c__Gammaproteobacteria; o__Enterobacterales; f__Enterobacteriaceae; g__Cronobacter; s__Cronobacter condimenti
1079460.ATTQ01000037_gene6194	r__Root; d__Bacteria; p__Pseudomonadota; c__Alphaproteobacteria; o__Hyphomicrobiales; f__Rhizobiaceae; g__Rhizobium; s__Rhizobium mongolense
1082705.JIBP01000004_gene1511	r__Root; d__Bacteria; p__Pseudomonadota; c__Gammaproteobacteria; o__Enterobacterales; f__Pectobacteriaceae; g__Lonsdalea; s__Lonsdalea quercina
1082933.MEA186_26651	r__Root; d__Bacteria; p__Pseudomonadota; c__Alphaproteobacteria; o__Hyphomicrobiales; f__Phyllobacteriaceae; g__Mesorhizobium; s__Mesorhizobium amorphae
1082933.MEA186_28997	r__Root; d__Bacteria; p__Pseudomonadota; c__Alphaproteobacteria; o__Hyphomicrobiales; f__Phyllobacteriaceae; g__Mesorhizobium; s__Mesorhizobium amorphae
1087481.AGFX01000038_gene1340	r__Root; d__Bacteria; p__Bacillota; c__Bacilli; o__Bacillales; f__Paenibacillaceae; g__Paenibacillus; s__Paenibacillus peoriae
1088868.CIN_03730	r__Root; d__Bacteria; p__Pseudomonadota; c__Alphaproteobacteria; o__Acetobacterales; f__Acetobacteraceae; g__Commensalibacter; s__Commensalibacter intestini
84531.JMTZ01000068_gene1760	r__Root; d__Bacteria; p__Pseudomonadota; c__Gammaproteobacteria; o__Lysobacterales; f__Lysobacteraceae; g__Lysobacter; s__Lysobacter antibioticus
1101195.Meth11DRAFT_1983	r__Root; d__Bacteria; p__Pseudomonadota; c__Betaproteobacteria; o__Nitrosomonadales; f__Methylophilaceae
1104325.M7W_1867	r__Root
1109445.AGSX01000139_gene1111	r__Root; d__Bacteria; p__Pseudomonadota; c__Gammaproteobacteria; o__Pseudomonadales; f__Pseudomonadaceae; g__Stutzerimonas; s__Stutzerimonas stutzeri
1110697.NCAST_32_06660	r__Root; d__Bacteria; p__Actinomycetota; c__Actinomycetes; o__Mycobacteriales; f__Nocardiaceae; g__Nocardia; s__Nocardia asteroides
1112274.KI911560_gene1763	r__Root; d__Bacteria; p__Pseudomonadota; c__Betaproteobacteria; o__Nitrosomonadales; f__Methylophilaceae; g__Methylophilus; s__Methylophilus sp. 5
1114922.CIFAM_19_00130	r__Root; d__Bacteria; p__Pseudomonadota; c__Gammaproteobacteria; o__Enterobacterales; f__Enterobacteriaceae; g__Citrobacter; s__Citrobacter farmeri
1115512.EH105704_13_00750	r__Root; d__Bacteria; p__Pseudomonadota; c__Gammaproteobacteria; o__Enterobacterales; f__Enterobacteriaceae; g__Atlantibacter; s__Atlantibacter hermannii
1116375.VEJY3_23486	r__Root; d__Bacteria; p__Pseudomonadota; c__Gammaproteobacteria; o__Vibrionales; f__Vibrionaceae; g__Vibrio; s__Vibrio sp. EJY3
1120931.KB893949_gene1959	r__Root; d__Bacteria; p__Pseudomonadota; c__Gammaproteobacteria; o__Pasteurellales; f__Pasteurellaceae; g__Actinobacillus; s__Actinobacillus capsulatus
1120931.KB893949_gene1960	r__Root; d__Bacteria; p__Pseudomonadota; c__Gammaproteobacteria; o__Pasteurellales; f__Pasteurellaceae; g__Actinobacillus; s__Actinobacillus capsulatus
85643.Tmz1t_3462	r__Root
1120956.JHZK01000018_gene2451	r__Root; d__Bacteria; p__Pseudomonadota; c__Alphaproteobacteria; o__Hyphomicrobiales; f__Afifellaceae; g__Afifella; s__Afifella pfennigii
1120963.KB894492_gene1466	r__Root; d__Bacteria; p__Pseudomonadota; c__Gammaproteobacteria; o__Alteromonadales; f__Pseudoalteromonadaceae; g__Algicola; s__Algicola sagamiensis
1120999.JONM01000001_gene1387	r__Root; d__Bacteria; p__Pseudomonadota; c__Betaproteobacteria; o__Neisseriales; f__Chitinibacteraceae; g__Andreprevotia; s__Andreprevotia chitinilytica
1121022.ABENE_04660	r__Root; d__Bacteria; p__Pseudomonadota; c__Alphaproteobacteria; o__Caulobacterales; f__Caulobacteraceae; g__Asticcacaulis; s__Asticcacaulis benevestitus
1121035.AUCH01000009_gene867	r__Root; d__Bacteria; p__Pseudomonadota; c__Betaproteobacteria; o__Rhodocyclales; f__Rhodocyclaceae; g__Azovibrio; s__Azovibrio restrictus
1121286.AUMT01000019_gene1812	r__Root; d__Bacteria; p__Bacteroidota; c__Flavobacteriia; o__Flavobacteriales; f__Weeksellaceae; g__Chryseobacterium; s__Chryseobacterium daeguense
1121286.AUMT01000022_gene1685	r__Root; d__Bacteria; p__Bacteroidota; c__Flavobacteriia; o__Flavobacteriales; f__Weeksellaceae; g__Chryseobacterium; s__Chryseobacterium daeguense
1121373.KB903664_gene2652	r__Root; d__Bacteria; p__Bacteroidota; c__Cytophagia; o__Cytophagales; f__Cytophagaceae; g__Cytophaga; s__Cytophaga aurantiaca
1121403.AUCV01000005_gene343	r__Root; d__Bacteria; p__Thermodesulfobacteriota; c__Desulfobulbia; o__Desulfobulbales; f__Desulfobulbaceae; g__Desulfogranum; s__Desulfogranum japonicum
1121864.OMO_00573	r__Root; d__Bacteria; p__Bacillota; c__Bacilli; o__Lactobacillales; f__Enterococcaceae; g__Enterococcus; s__Enterococcus cecorum
85962.C694_06140	r__Root; d__Bacteria; p__Campylobacterota; c__Epsilonproteobacteria; o__Campylobacterales; f__Helicobacteraceae; g__Helicobacter; s__Helicobacter pylori
1121865.OMW_00547	r__Root; d__Bacteria; p__Bacillota; c__Bacilli; o__Lactobacillales; f__Enterococcaceae; g__Enterococcus; s__Enterococcus columbae
1121875.KB907547_gene3496	r__Root; d__Bacteria; p__Bacteroidota; c__Flavobacteriia; o__Flavobacteriales; f__Flavobacteriaceae; g__Eudoraea; s__Eudoraea adriatica
1121904.ARBP01000003_gene6561	r__Root; d__Bacteria; p__Bacteroidota; c__Cytophagia; o__Cytophagales; f__Flammeovirgaceae; g__Flexithrix; s__Flexithrix dorotheae
1121904.ARBP01000003_gene6611	r__Root; d__Bacteria; p__Bacteroidota; c__Cytophagia; o__Cytophagales; f__Flammeovirgaceae; g__Flexithrix; s__Flexithrix dorotheae
1121904.ARBP01000086_gene1912	r__Root; d__Bacteria; p__Bacteroidota; c__Cytophagia; o__Cytophagales; f__Flammeovirgaceae; g__Flexithrix; s__Flexithrix dorotheae
1121935.AQXX01000144_gene4426	r__Root; d__Bacteria; p__Pseudomonadota; c__Gammaproteobacteria; o__Oceanospirillales; f__Hahellaceae; g__Hahella; s__Hahella ganghwensis
1121939.L861_01450	r__Root; d__Bacteria; p__Pseudomonadota; c__Gammaproteobacteria; o__Oceanospirillales; f__Halomonadaceae; g__Litchfieldella; s__Litchfieldella anticariensis
1121943.KB899989_gene3422	r__Root; d__Bacteria; p__Pseudomonadota; c__Gammaproteobacteria; o__Oceanospirillales; f__Halomonadaceae; g__Modicisalibacter; s__Modicisalibacter luteus
1122137.AQXF01000001_gene2982	r__Root; d__Bacteria; p__Pseudomonadota; c__Alphaproteobacteria; o__Kordiimonadales; f__Kordiimonadaceae; g__Kordiimonas; s__Kordiimonas gwangyangensis
1122138.AQUZ01000055_gene6274	r__Root; d__Bacteria; p__Actinomycetota; c__Actinomycetes; o__Propionibacteriales; f__Kribbellaceae; g__Kribbella; s__Kribbella catacumbae
85963.jhp_1112	r__Root; d__Bacteria; p__Campylobacterota; c__Epsilonproteobacteria; o__Campylobacterales; f__Helicobacteraceae; g__Helicobacter; s__Helicobacter pylori
1122236.KB905141_gene1546	r__Root; d__Bacteria; p__Pseudomonadota; c__Betaproteobacteria; o__Nitrosomonadales; f__Methylophilaceae; g__Methylophilus; s__Methylophilus methylotrophus
1122244.AUGF01000006_gene1493	r__Root; d__Bacteria; p__Pseudomonadota; c__Gammaproteobacteria; o__Moraxellales; f__Moraxellaceae; g__Moraxella; s__Moraxella caprae
1122613.ATUP01000001_gene716	r__Root; d__Bacteria; p__Pseudomonadota; c__Alphaproteobacteria; o__Maricaulales; f__Maricaulaceae; g__Oceanicaulis; s__Oceanicaulis alexandrii
1122921.KB898187_gene4613	r__Root; d__Bacteria; p__Bacillota; c__Bacilli; o__Bacillales; f__Paenibacillaceae; g__Paenibacillus; s__Paenibacillus massiliensis
1122929.KB908219_gene1737	r__Root; d__Bacteria; p__Pseudomonadota; c__Alphaproteobacteria; o__Hyphomicrobiales; f__Stappiaceae; g__Pannonibacter; s__Pannonibacter phragmitetus
1123033.ARNF01000064_gene390	r__Root; d__Bacteria; p__Pseudomonadota; c__Gammaproteobacteria; o__Moraxellales; f__Moraxellaceae; g__Psychrobacter; s__Psychrobacter lutiphocae
1123035.ARLA01000023_gene1158	r__Root; d__Bacteria; p__Bacteroidota; c__Flavobacteriia; o__Flavobacteriales; f__Flavobacteriaceae; g__Psychroflexus; s__Psychroflexus tropicus
1123226.KB899304_gene2612	r__Root; d__Bacteria; p__Bacillota; c__Bacilli; o__Bacillales; f__Paenibacillaceae; g__Saccharibacillus; s__Saccharibacillus kuerlensis
1123255.JHYS01000002_gene2564	r__Root; d__Bacteria; p__Pseudomonadota; c__Betaproteobacteria; o__Burkholderiales; f__Comamonadaceae; g__Simplicispira; s__Simplicispira psychrophila
1123296.JQKE01000031_gene1756	r__Root; d__Bacteria; p__Pseudomonadota; c__Betaproteobacteria; o__Neisseriales; f__Neisseriaceae; g__Stenoxybacter; s__Stenoxybacter acetivorans
672.VV93_v1c33210	r__Root; d__Bacteria; p__Pseudomonadota; c__Gammaproteobacteria; o__Vibrionales; f__Vibrionaceae; g__Vibrio; s__Vibrio vulnificus
90813.JQMT01000001_gene540	r__Root; d__Bacteria; p__Pseudomonadota; c__Gammaproteobacteria; o__Thiotrichales; f__Piscirickettsiaceae; g__Hydrogenovibrio; s__Hydrogenovibrio sp. Milos-T1
1123325.JHUV01000008_gene831	r__Root; d__Bacteria; p__Aquificota; c__Aquificia; o__Aquificales; f__Hydrogenothermaceae; g__Sulfurihydrogenibium; s__Sulfurihydrogenibium subterraneum
1123354.AUDR01000013_gene575	r__Root; d__Bacteria; p__Pseudomonadota; c__Hydrogenophilia; o__Hydrogenophilales; f__Hydrogenophilaceae; g__Tepidiphilus; s__Tepidiphilus margaritifer
1123354.AUDR01000015_gene327	r__Root; d__Bacteria; p__Pseudomonadota; c__Hydrogenophilia; o__Hydrogenophilales; f__Hydrogenophilaceae; g__Tepidiphilus; s__Tepidiphilus margaritifer
1123359.AUIQ01000001_gene2024	r__Root; d__Bacteria; p__Bacillota; c__Bacilli; o__Lactobacillales; f__Enterococcaceae; g__Tetragenococcus; s__Tetragenococcus muriaticus
1123367.C666_04975	r__Root; d__Bacteria; p__Pseudomonadota; c__Betaproteobacteria; o__Rhodocyclales; f__Zoogloeaceae; g__Thauera; s__Thauera linaloolentis
1123401.JHYQ01000005_gene240	r__Root; d__Bacteria; p__Pseudomonadota; c__Gammaproteobacteria; o__Thiotrichales; f__Thiotrichaceae; g__Thiothrix; s__Thiothrix lacustris
1123487.KB892834_gene2583	r__Root; d__Bacteria; p__Pseudomonadota; c__Betaproteobacteria; o__Rhodocyclales; f__Zoogloeaceae; g__Uliginosibacterium; s__Uliginosibacterium gangwonense
1123487.KB892835_gene3324	r__Root; d__Bacteria; p__Pseudomonadota; c__Betaproteobacteria; o__Rhodocyclales; f__Zoogloeaceae; g__Uliginosibacterium; s__Uliginosibacterium gangwonense
1123499.KB908029_gene31	r__Root; d__Bacteria; p__Pseudomonadota; c__Betaproteobacteria; o__Neisseriales; f__Neisseriaceae; g__Vitreoscilla; s__Vitreoscilla stercoraria
1123500.ATUU01000003_gene1196	r__Root; d__Bacteria; p__Bacillota; c__Bacilli; o__Lactobacillales; f__Lactobacillaceae; g__Weissella; s__Weissella halotolerans
90814.KL370891_gene1453	r__Root; d__Bacteria; p__Pseudomonadota; c__Gammaproteobacteria; o__Thiotrichales; f__Piscirickettsiaceae; g__Thiomicrorhabdus; s__Thiomicrorhabdus sp. Milos-T2
1123503.KB908056_gene1402	r__Root; d__Bacteria; p__Pseudomonadota; c__Alphaproteobacteria; o__Maricaulales; f__Maricaulaceae; g__Woodsholea; s__Woodsholea maritima
1123514.KB905899_gene608	r__Root; d__Bacteria; p__Pseudomonadota; c__Gammaproteobacteria; o__Thiotrichales; f__Piscirickettsiaceae; g__Thiomicrorhabdus; s__Thiomicrorhabdus arctica
1123517.JOMR01000001_gene1452	r__Root; d__Bacteria; p__Pseudomonadota; c__Gammaproteobacteria; o__Thiotrichales; f__Piscirickettsiaceae; g__Thiomicrospira; s__Thiomicrospira pelophila
1123518.ARWI01000001_gene2210	r__Root; d__Bacteria; p__Pseudomonadota; c__Gammaproteobacteria; o__Thiotrichales; f__Piscirickettsiaceae; g__Thiomicrorhabdus; s__Thiomicrorhabdus sp. Kp2
1124780.ANNU01000013_gene3880	r__Root; d__Bacteria; p__Bacteroidota; c__Cytophagia; o__Cytophagales; f__Cesiribacteraceae; g__Nafulsella; s__Nafulsella turpanensis
1125971.ASJB01000001_gene2925	r__Root; d__Bacteria; p__Actinomycetota; c__Actinomycetes; o__Pseudonocardiales; f__Pseudonocardiaceae; g__Amycolatopsis; s__Amycolatopsis orientalis
1126627.BAWE01000003_gene1575	r__Root; d__Bacteria; p__Pseudomonadota; c__Alphaproteobacteria; o__Hyphomicrobiales; f__Nitrobacteraceae; g__Bradyrhizobium; s__Bradyrhizobium sp. DOA9
1127131.WEISSC39_04120	r__Root; d__Bacteria; p__Bacillota; c__Bacilli; o__Lactobacillales; f__Lactobacillaceae; g__Weissella; s__Weissella confusa
1131451.O1K_12355	r__Root; d__Bacteria; p__Pseudomonadota; c__Gammaproteobacteria; o__Lysobacterales; f__Lysobacteraceae; g__Xanthomonas; s__Xanthomonas fragariae
1131553.JIBI01000037_gene2065	r__Root; d__Bacteria; p__Pseudomonadota; c__Betaproteobacteria; o__Nitrosomonadales; f__Nitrosomonadaceae; g__Nitrosomonas; s__Nitrosomonas cryotolerans
102125.Xen7305DRAFT_00052630	r__Root; d__Bacteria; p__Cyanobacteriota; c__Cyanophyceae; o__Pleurocapsales; f__Xenococcaceae; g__Xenococcus; s__Xenococcus sp. PCC 7305
1131814.JAFO01000001_gene3934	r__Root; d__Bacteria; p__Pseudomonadota; c__Alphaproteobacteria; o__Hyphomicrobiales; f__Xanthobacteraceae; g__Xanthobacter; s__Xanthobacter sp. 126
1132442.KB889752_gene1911	r__Root; d__Bacteria; p__Bacillota; c__Bacilli; o__Bacillales; f__Bacillaceae; g__Bacillus; s__Bacillus sp. 37MA
1132855.KB913035_gene1206	r__Root; d__Bacteria; p__Pseudomonadota; c__Betaproteobacteria; o__Nitrosomonadales; f__Methylophilaceae; g__Methylotenera; s__Methylotenera mobilis
1133849.O3I_019615	r__Root; d__Bacteria; p__Actinomycetota; c__Actinomycetes; o__Mycobacteriales; f__Nocardiaceae; g__Nocardia; s__Nocardia brasiliensis
1136138.JH604624_gene4250	r__Root; d__Bacteria; p__Pseudomonadota; c__Gammaproteobacteria; o__Pseudomonadales; f__Pseudomonadaceae; g__Pseudomonas; s__Pseudomonas fragi
1136177.KCA1_2232	r__Root; d__Bacteria; p__Bacillota; c__Bacilli; o__Lactobacillales; f__Lactobacillaceae; g__Lactiplantibacillus; s__Lactiplantibacillus pentosus
1137799.GZ78_19285	r__Root; d__Bacteria; p__Pseudomonadota; c__Gammaproteobacteria; o__Oceanospirillales; f__Endozoicomonadaceae; g__Endozoicomonas; s__Endozoicomonas numazuensis
1139219.I569_00391	r__Root; d__Bacteria; p__Bacillota; c__Bacilli; o__Lactobacillales; f__Enterococcaceae; g__Enterococcus; s__Enterococcus dispar
1139996.OMQ_01292	r__Root; d__Bacteria; p__Bacillota; c__Bacilli; o__Lactobacillales; f__Enterococcaceae; g__Enterococcus; s__Enterococcus saccharolyticus
1140001.I571_02308	r__Root; d__Bacteria; p__Bacillota; c__Bacilli; o__Lactobacillales; f__Enterococcaceae; g__Enterococcus; s__Enterococcus durans
102129.Lepto7375DRAFT_6277	r__Root; d__Bacteria; p__Cyanobacteriota; c__Cyanophyceae; o__Leptolyngbyales; f__Leptolyngbyaceae; g__Leptolyngbya; s__Leptolyngbya sp. PCC 7375
1140002.I570_00987	r__Root; d__Bacteria; p__Bacillota; c__Bacilli; o__Lactobacillales; f__Enterococcaceae; g__Enterococcus; s__Enterococcus avium
1140003.I573_01660	r__Root; d__Bacteria; p__Bacillota; c__Bacilli; o__Lactobacillales; f__Enterococcaceae; g__Enterococcus; s__Enterococcus sulfureus
1144275.COCOR_03183	r__Root; d__Bacteria; p__Myxococcota; c__Myxococcia; o__Myxococcales; f__Myxococcaceae; g__Corallococcus; s__Corallococcus coralloides
1144313.PMI10_01362	r__Root; d__Bacteria; p__Bacteroidota; c__Flavobacteriia; o__Flavobacteriales; f__Flavobacteriaceae; g__Flavobacterium; s__Flavobacterium sp. CF136
1149133.ppKF707_3166	r__Root; d__Bacteria; p__Pseudomonadota; c__Gammaproteobacteria; o__Pseudomonadales; f__Pseudomonadaceae; g__Metapseudomonas; s__Metapseudomonas furukawaii
1149133.ppKF707_6208	r__Root; d__Bacteria; p__Pseudomonadota; c__Gammaproteobacteria; o__Pseudomonadales; f__Pseudomonadaceae; g__Metapseudomonas; s__Metapseudomonas furukawaii
1150626.PHAMO_10157	r__Root; d__Bacteria; p__Pseudomonadota; c__Alphaproteobacteria; o__Rhodospirillales; f__Rhodospirillaceae; g__Magnetospirillum; s__Magnetospirillum molischianum
1151116.Q7S_20450	r__Root; d__Bacteria; p__Pseudomonadota; c__Gammaproteobacteria; o__Enterobacterales; f__Yersiniaceae; g__Rahnella; s__Rahnella aquatilis
1154757.Q5C_00990	r__Root; d__Bacteria; p__Bacillota; c__Bacilli; o__Lactobacillales; f__Lactobacillaceae; g__Leuconostoc; s__Leuconostoc pseudomesenteroides
1158338.JNLJ01000005_gene1832	r__Root; d__Bacteria; p__Aquificota; c__Aquificia; o__Aquificales; f__Hydrogenothermaceae; g__Persephonella; s__Persephonella sp. IF05-L8
102129.Lepto7375DRAFT_7718	r__Root; d__Bacteria; p__Cyanobacteriota; c__Cyanophyceae; o__Leptolyngbyales; f__Leptolyngbyaceae; g__Leptolyngbya; s__Leptolyngbya sp. PCC 7375
1158345.JNLL01000001_gene918	r__Root; d__Bacteria; p__Aquificota; c__Aquificia; o__Aquificales; f__Hydrogenothermaceae; g__Persephonella; s__Persephonella sp. KM09-Lau-8
1158601.I585_02129	r__Root; d__Bacteria; p__Bacillota; c__Bacilli; o__Lactobacillales; f__Enterococcaceae; g__Enterococcus; s__Enterococcus malodoratus
1158602.I590_01484	r__Root; d__Bacteria; p__Bacillota; c__Bacilli; o__Lactobacillales; f__Enterococcaceae; g__Enterococcus; s__Enterococcus raffinosus
1158604.I591_00911	r__Root; d__Bacteria; p__Bacillota; c__Bacilli; o__Lactobacillales; f__Enterococcaceae; g__Enterococcus; s__Enterococcus villorum
1158606.I579_02496	r__Root; d__Bacteria; p__Bacillota; c__Bacilli; o__Lactobacillales; f__Enterococcaceae; g__Enterococcus; s__Enterococcus asini
1158607.UAU_02183	r__Root; d__Bacteria; p__Bacillota; c__Bacilli; o__Lactobacillales; f__Enterococcaceae; g__Enterococcus; s__Enterococcus pallens
1158608.I583_01163	r__Root; d__Bacteria; p__Bacillota; c__Bacilli; o__Lactobacillales; f__Enterococcaceae; g__Enterococcus; s__Enterococcus haemoperoxidus
1158608.I583_01406	r__Root; d__Bacteria; p__Bacillota; c__Bacilli; o__Lactobacillales; f__Enterococcaceae; g__Enterococcus; s__Enterococcus haemoperoxidus
1158609.I586_00223	r__Root; d__Bacteria; p__Bacillota; c__Bacilli; o__Lactobacillales; f__Enterococcaceae; g__Enterococcus; s__Enterococcus moraviensis
1158609.I586_00450	r__Root; d__Bacteria; p__Bacillota; c__Bacilli; o__Lactobacillales; f__Enterococcaceae; g__Enterococcus; s__Enterococcus moraviensis
103690.17132023	r__Root; d__Bacteria; p__Cyanobacteriota; c__Cyanophyceae; o__Nostocales; f__Nostocaceae; g__Nostoc; s__Nostoc sp. PCC 7120 = FACHB-418
1158610.UC3_01009	r__Root; d__Bacteria; p__Bacillota; c__Bacilli; o__Lactobacillales; f__Enterococcaceae; g__Enterococcus; s__Enterococcus phoeniculicola
1158612.I580_00997	r__Root; d__Bacteria; p__Bacillota; c__Bacilli; o__Lactobacillales; f__Enterococcaceae; g__Enterococcus; s__Enterococcus caccae
1158614.I592_03810	r__Root; d__Bacteria; p__Bacillota; c__Bacilli; o__Lactobacillales; f__Enterococcaceae; g__Enterococcus; s__Enterococcus gilvus
1160707.AJIK01000006_gene1084	r__Root; d__Bacteria; p__Bacillota; c__Bacilli; o__Bacillales; f__Caryophanaceae; g__Ureibacillus; s__Ureibacillus thermosphaericus
1163745.HCD_02785	r__Root; d__Bacteria; p__Campylobacterota; c__Epsilonproteobacteria; o__Campylobacterales; f__Helicobacteraceae; g__Helicobacter; s__Helicobacter cetorum
1165094.RINTHH_12680	r__Root; d__Bacteria; p__Cyanobacteriota; c__Cyanophyceae; o__Nostocales; f__Nostocaceae; g__Richelia; s__Richelia intracellularis
1166016.W5S_0257	r__Root
1166018.FAES_2094	r__Root; d__Bacteria; p__Bacteroidota; c__Cytophagia; o__Cytophagales; f__Spirosomataceae; g__Fibrella; s__Fibrella aestuarina
1168067.JAGP01000001_gene1514	r__Root; d__Bacteria; p__Pseudomonadota; c__Gammaproteobacteria; o__Thiotrichales; f__Piscirickettsiaceae; g__Hydrogenovibrio; s__Hydrogenovibrio kuenenii
1173020.Cha6605_3931	r__Root; d__Bacteria; p__Cyanobacteriota; c__Cyanophyceae; o__Gomontiellales; f__Chamaesiphonaceae; g__Chamaesiphon; s__Chamaesiphon minutus
103733.JNYO01000008_gene5541	r__Root; d__Bacteria; p__Actinomycetota; c__Actinomycetes; o__Pseudonocardiales; f__Pseudonocardiaceae; g__Saccharothrix; s__Saccharothrix syringae
1173025.GEI7407_2253	r__Root; d__Bacteria; p__Cyanobacteriota; c__Cyanophyceae; o__Geitlerinematales; f__Geitlerinemataceae; g__Geitlerinema; s__Geitlerinema sp. PCC 7407
1178825.ALIH01000005_gene192	r__Root; d__Bacteria; p__Bacteroidota; c__Flavobacteriia; o__Flavobacteriales; f__Flavobacteriaceae; g__Algibacter; s__Algibacter luteus
1179773.BN6_31000	r__Root; d__Bacteria; p__Actinomycetota; c__Actinomycetes; o__Pseudonocardiales; f__Pseudonocardiaceae; g__Saccharothrix; s__Saccharothrix espanaensis
1185652.USDA257_c15520	r__Root; d__Bacteria; p__Pseudomonadota; c__Alphaproteobacteria; o__Hyphomicrobiales; f__Rhizobiaceae; g__Sinorhizobium; s__Sinorhizobium fredii
1187851.A33M_0825	r__Root; d__Bacteria; p__Pseudomonadota; c__Alphaproteobacteria; o__Rhodobacterales; f__Paracoccaceae; g__Rhodovulum; s__Rhodovulum sp. PH10
1196083.SALWKB12_1290	r__Root; d__Bacteria; p__Pseudomonadota; c__Betaproteobacteria; o__Neisseriales; f__Neisseriaceae; g__Snodgrassella; s__Snodgrassella alvi
1196095.GAPWK_0442	r__Root; d__Bacteria; p__Pseudomonadota; c__Gammaproteobacteria; o__Orbales; f__Orbaceae; g__Gilliamella; s__Gilliamella apicola
1197719.A464_3463	r__Root; d__Bacteria; p__Pseudomonadota; c__Gammaproteobacteria; o__Enterobacterales; f__Enterobacteriaceae; g__Salmonella; s__Salmonella bongori
1198452.Jab_2c27950	r__Root; d__Bacteria; p__Pseudomonadota; c__Betaproteobacteria; o__Burkholderiales; f__Oxalobacteraceae; g__Janthinobacterium; s__Janthinobacterium sp. HH01
1198676.SMUGS5_07180	r__Root; d__Bacteria; p__Bacillota; c__Bacilli; o__Lactobacillales; f__Streptococcaceae; g__Streptococcus; s__Streptococcus mutans
103733.JNYO01000021_gene6760	r__Root; d__Bacteria; p__Actinomycetota; c__Actinomycetes; o__Pseudonocardiales; f__Pseudonocardiaceae; g__Saccharothrix; s__Saccharothrix syringae
1201292.DR75_710	r__Root; d__Bacteria; p__Bacillota; c__Bacilli; o__Lactobacillales; f__Enterococcaceae; g__Enterococcus; s__Enterococcus faecalis
1205683.CAKR01000009_gene1671	r__Root; d__Bacteria; p__Pseudomonadota; c__Gammaproteobacteria; o__Enterobacterales; f__Yersiniaceae; g__Yersinia; s__Yersinia massiliensis
1206729.BAFZ01000058_gene3266	r__Root; d__Bacteria; p__Actinomycetota; c__Actinomycetes; o__Mycobacteriales; f__Nocardiaceae; g__Nocardia; s__Nocardia exalbida
1206732.BAGD01000065_gene2439	r__Root; d__Bacteria; p__Actinomycetota; c__Actinomycetes; o__Mycobacteriales; f__Nocardiaceae; g__Nocardia; s__Nocardia otitidiscaviarum
1206737.BAGF01000040_gene2179	r__Root; d__Bacteria; p__Actinomycetota; c__Actinomycetes; o__Mycobacteriales; f__Nocardiaceae; g__Nocardia; s__Nocardia pneumoniae
1207063.P24_00420	r__Root; d__Bacteria; p__Pseudomonadota; c__Alphaproteobacteria; o__Rhodospirillales; f__Oceanibaculaceae; g__Oceanibaculum; s__Oceanibaculum indicum
1207075.PputUW4_05204	r__Root; d__Bacteria; p__Pseudomonadota; c__Gammaproteobacteria; o__Pseudomonadales; f__Pseudomonadaceae; g__Pseudomonas; s__Pseudomonas sp. UW4
1211035.CD30_15010	r__Root; d__Bacteria; p__Bacillota; c__Bacilli; o__Bacillales; f__Caryophanaceae; g__Ureibacillus; s__Ureibacillus massiliensis
1211115.ALIQ01000017_gene4571	r__Root; d__Bacteria; p__Pseudomonadota; c__Alphaproteobacteria; o__Hyphomicrobiales; f__Chelatococcaceae; g__Chelatococcus; s__Chelatococcus sp. GW1
1214065.BAGV01000064_gene1096	r__Root; d__Bacteria; p__Pseudomonadota; c__Gammaproteobacteria; o__Enterobacterales; f__Enterobacteriaceae
107635.AZUO01000001_gene304	r__Root; d__Bacteria; p__Pseudomonadota; c__Alphaproteobacteria; o__Hyphomicrobiales; f__Methylocystaceae; g__Methylosinus; s__Methylosinus sp. LW3
1215915.BN193_01125	r__Root; d__Bacteria; p__Bacillota; c__Bacilli; o__Lactobacillales; f__Streptococcaceae; g__Lactococcus; s__Lactococcus raffinolactis
1215915.BN193_01130	r__Root; d__Bacteria; p__Bacillota; c__Bacilli; o__Lactobacillales; f__Streptococcaceae; g__Lactococcus; s__Lactococcus raffinolactis
1215915.BN193_08125	r__Root; d__Bacteria; p__Bacillota; c__Bacilli; o__Lactobacillales; f__Streptococcaceae; g__Lactococcus; s__Lactococcus raffinolactis
1217656.F964_01896	r__Root; d__Bacteria; p__Pseudomonadota; c__Gammaproteobacteria; o__Moraxellales; f__Moraxellaceae; g__Acinetobacter; s__Acinetobacter guillouiae
1217710.F969_01837	r__Root
1217718.ALOU01000046_gene4057	r__Root; d__Bacteria; p__Pseudomonadota; c__Betaproteobacteria; o__Burkholderiales; f__Burkholderiaceae; g__Cupriavidus; s__Cupriavidus sp. BIS7
1217718.ALOU01000061_gene531	r__Root; d__Bacteria; p__Pseudomonadota; c__Betaproteobacteria; o__Burkholderiales; f__Burkholderiaceae; g__Cupriavidus; s__Cupriavidus sp. BIS7
1218086.BBNB01000015_gene2226	r__Root; d__Bacteria; p__Pseudomonadota; c__Gammaproteobacteria; o__Enterobacterales; f__Enterobacteriaceae; g__Citrobacter; s__Citrobacter sedlakii
1219065.VPR01S_13_00380	r__Root; d__Bacteria; p__Pseudomonadota; c__Gammaproteobacteria; o__Vibrionales; f__Vibrionaceae; g__Vibrio; s__Vibrio proteolyticus
1219076.N646_3222	r__Root; d__Bacteria; p__Pseudomonadota; c__Gammaproteobacteria; o__Vibrionales; f__Vibrionaceae; g__Vibrio; s__Vibrio alginolyticus
107636.JQNK01000009_gene3171	r__Root; d__Bacteria; p__Pseudomonadota; c__Alphaproteobacteria; o__Hyphomicrobiales; f__Methylocystaceae; g__Methylosinus; s__Methylosinus sp. PW1
1219076.N646_3656	r__Root; d__Bacteria; p__Pseudomonadota; c__Gammaproteobacteria; o__Vibrionales; f__Vibrionaceae; g__Vibrio; s__Vibrio alginolyticus
1219375.CM002139_gene4173	r__Root; d__Bacteria; p__Pseudomonadota; c__Gammaproteobacteria; o__Lysobacterales; f__Lysobacteraceae; g__Xanthomonas; s__Xanthomonas cassavae
1224136.AMFN01000015_gene2102	r__Root; d__Bacteria; p__Pseudomonadota; c__Gammaproteobacteria; o__Enterobacterales; f__Enterobacteriaceae
1226994.AMZB01000084_gene399	r__Root; d__Bacteria; p__Pseudomonadota; c__Gammaproteobacteria; o__Pseudomonadales; f__Pseudomonadaceae; g__Pseudomonas; s__Pseudomonas nitroreducens
1227360.C176_06452	r__Root; d__Bacteria; p__Bacillota; c__Bacilli; o__Bacillales; f__Caryophanaceae; g__Viridibacillus; s__Viridibacillus arenosi
1229756.C269_08495	r__Root; d__Bacteria; p__Bacillota; c__Bacilli; o__Lactobacillales; f__Lactobacillaceae; g__Leuconostoc; s__Leuconostoc gelidum
1229758.C270_00560	r__Root; d__Bacteria; p__Bacillota; c__Bacilli; o__Lactobacillales; f__Lactobacillaceae; g__Leuconostoc; s__Leuconostoc carnosum
1234679.BN424_1687	r__Root; d__Bacteria; p__Bacillota; c__Bacilli; o__Lactobacillales; f__Carnobacteriaceae; g__Carnobacterium; s__Carnobacterium maltaromaticum
1234679.BN424_3266	r__Root; d__Bacteria; p__Bacillota; c__Bacilli; o__Lactobacillales; f__Carnobacteriaceae; g__Carnobacterium; s__Carnobacterium maltaromaticum
1235457.C404_27110	r__Root; d__Bacteria; p__Pseudomonadota; c__Betaproteobacteria; o__Burkholderiales; f__Burkholderiaceae; g__Ralstonia; s__Ralstonia sp. AU12-08
747.DR93_29	r__Root; d__Bacteria; p__Pseudomonadota; c__Gammaproteobacteria; o__Pasteurellales; f__Pasteurellaceae; g__Pasteurella; s__Pasteurella multocida
111781.Lepto7376_4264	r__Root; d__Bacteria; p__Cyanobacteriota; c__Cyanophyceae; o__Chroococcales; f__Geminocystaceae; g__Picosynechococcus; s__[Leptolyngbya] sp. PCC 7376
1236542.BALM01000006_gene3208	r__Root; d__Bacteria; p__Pseudomonadota; c__Gammaproteobacteria; o__Alteromonadales; f__Shewanellaceae; g__Shewanella; s__Shewanella marina
1238182.C882_2951	r__Root; d__Bacteria; p__Pseudomonadota; c__Alphaproteobacteria; o__Rhodospirillales; f__Novispirillaceae; g__Caenispirillum; s__Caenispirillum salinarum
1239962.C943_00135	r__Root; d__Bacteria; p__Bacteroidota; c__Cytophagia; o__Cytophagales; f__Cyclobacteriaceae; g__Mariniradius; s__Mariniradius saccharolyticus
1244869.H261_06991	r__Root; d__Bacteria; p__Pseudomonadota; c__Alphaproteobacteria; o__Rhodospirillales; f__Magnetospirillaceae; g__Paramagnetospirillum; s__Paramagnetospirillum caucaseum
1245469.S58_07070	r__Root; d__Bacteria; p__Pseudomonadota; c__Alphaproteobacteria; o__Hyphomicrobiales; f__Nitrobacteraceae; g__Bradyrhizobium; s__Bradyrhizobium oligotrophicum
1246626.BleG1_1812	r__Root; d__Bacteria; p__Bacillota; c__Bacilli; o__Bacillales; f__Bacillaceae; g__Shouchella; s__Shouchella lehensis
1248232.BANQ01000045_gene3365	r__Root; d__Bacteria; p__Pseudomonadota; c__Gammaproteobacteria; o__Vibrionales; f__Vibrionaceae; g__Photobacterium; s__Photobacterium leiognathi
1249627.D779_3497	r__Root; d__Bacteria; p__Pseudomonadota; c__Gammaproteobacteria; o__Chromatiales; f__Chromatiaceae; g__Imhoffiella; s__Imhoffiella purpurea
1250005.PHEL85_0217	r__Root; d__Bacteria; p__Bacteroidota; c__Flavobacteriia; o__Flavobacteriales; f__Flavobacteriaceae; g__Polaribacter; s__Polaribacter sp. Hel1_85
1260356.D920_02400	r__Root; d__Bacteria; p__Bacillota; c__Bacilli; o__Lactobacillales; f__Enterococcaceae; g__Enterococcus; s__Enterococcus faecalis
114615.BRADO6744	r__Root; d__Bacteria; p__Pseudomonadota; c__Alphaproteobacteria; o__Hyphomicrobiales; f__Nitrobacteraceae; g__Bradyrhizobium; s__Bradyrhizobium sp. ORS 278
1265845.PWEIH_00965	r__Root; d__Bacteria; p__Bacillota; c__Bacilli; o__Bacillales; f__Listeriaceae; g__Listeria; s__Listeria weihenstephanensis
1265845.PWEIH_10988	r__Root; d__Bacteria; p__Bacillota; c__Bacilli; o__Bacillales; f__Listeriaceae; g__Listeria; s__Listeria weihenstephanensis
1266845.Q783_05565	r__Root; d__Bacteria; p__Bacillota; c__Bacilli; o__Lactobacillales; f__Carnobacteriaceae; g__Carnobacterium; s__Carnobacterium inhibens
1266925.JHVX01000003_gene657	r__Root; d__Bacteria; p__Pseudomonadota; c__Betaproteobacteria; o__Nitrosomonadales; f__Nitrosomonadaceae; g__Nitrosospira; s__Nitrosospira briensis
1267005.KB911264_gene3092	r__Root; d__Bacteria; p__Pseudomonadota; c__Alphaproteobacteria; o__Hyphomicrobiales; f__Hyphomicrobiaceae; g__Hyphomicrobium; s__Hyphomicrobium zavarzinii
1267533.KB906736_gene956	r__Root; d__Bacteria; p__Acidobacteriota; c__Terriglobia; o__Terriglobales; f__Acidobacteriaceae
1267534.KB906754_gene3817	r__Root; d__Bacteria; p__Acidobacteriota; c__Terriglobia; o__Terriglobales; f__Acidobacteriaceae
1267600.JFGT01000005_gene2331	r__Root; d__Bacteria; p__Pseudomonadota; c__Gammaproteobacteria; o__Enterobacterales; f__Erwiniaceae; g__Pantoea; s__Pantoea sp. IMH
1268072.PSAB_09235	r__Root; d__Bacteria; p__Bacillota; c__Bacilli; o__Bacillales; f__Paenibacillaceae; g__Paenibacillus; s__Paenibacillus sabinae
1268237.G114_03933	r__Root; d__Bacteria; p__Pseudomonadota; c__Gammaproteobacteria; o__Aeromonadales; f__Aeromonadaceae; g__Aeromonas; s__Aeromonas diversa
118166.JH976537_gene3587	r__Root; d__Bacteria; p__Cyanobacteriota; c__Cyanophyceae; o__Nodosilineales; f__Nodosilineaceae; g__Nodosilinea; s__Nodosilinea nodulosa
1278307.KB906984_gene4371	r__Root; d__Bacteria; p__Pseudomonadota; c__Gammaproteobacteria; o__Alteromonadales; f__Psychromonadaceae; g__Psychromonas; s__Psychromonas ossibalaenae
1280001.BAOA01000007_gene3805	r__Root; d__Bacteria; p__Pseudomonadota; c__Gammaproteobacteria; o__Vibrionales; f__Vibrionaceae; g__Vibrio; s__Vibrio jasicida
1280001.BAOA01000050_gene1347	r__Root; d__Bacteria; p__Pseudomonadota; c__Gammaproteobacteria; o__Vibrionales; f__Vibrionaceae; g__Vibrio; s__Vibrio jasicida
1280001.BAOA01000076_gene3289	r__Root; d__Bacteria; p__Pseudomonadota; c__Gammaproteobacteria; o__Vibrionales; f__Vibrionaceae; g__Vibrio; s__Vibrio jasicida
1282360.ABAC460_05155	r__Root; d__Bacteria; p__Pseudomonadota; c__Alphaproteobacteria; o__Caulobacterales; f__Caulobacteraceae; g__Asticcacaulis; s__Asticcacaulis sp. AC460
1282361.ABAC402_04610	r__Root; d__Bacteria; p__Pseudomonadota; c__Alphaproteobacteria; o__Caulobacterales; f__Caulobacteraceae; g__Asticcacaulis; s__Asticcacaulis sp. AC402
1282362.AEAC466_09165	r__Root; d__Bacteria; p__Pseudomonadota; c__Alphaproteobacteria; o__Caulobacterales; f__Caulobacteraceae; g__Asticcacaulis; s__Asticcacaulis sp. AC466
1284352.AOIG01000003_gene1012	r__Root; d__Bacteria; p__Bacillota; c__Bacilli; o__Bacillales; f__Paenibacillaceae; g__Paenibacillus; s__Paenibacillus sp. A9
1286631.X805_10050	r__Root; d__Bacteria; p__Pseudomonadota; c__Betaproteobacteria; o__Burkholderiales; f__Sphaerotilaceae; g__Sphaerotilus; s__Sphaerotilus natans
1286631.X805_21600	r__Root; d__Bacteria; p__Pseudomonadota; c__Betaproteobacteria; o__Burkholderiales; f__Sphaerotilaceae; g__Sphaerotilus; s__Sphaerotilus natans
118168.MC7420_931	r__Root; d__Bacteria; p__Cyanobacteriota; c__Cyanophyceae; o__Coleofasciculales; f__Coleofasciculaceae; g__Coleofasciculus; s__Coleofasciculus chthonoplastes
1288494.EBAPG3_4210	r__Root; d__Bacteria; p__Pseudomonadota; c__Betaproteobacteria; o__Nitrosomonadales; f__Nitrosomonadaceae; g__Nitrosospira; s__Nitrosospira lacus
1296416.JACB01000003_gene976	r__Root; d__Bacteria; p__Bacteroidota; c__Flavobacteriia; o__Flavobacteriales; f__Flavobacteriaceae; g__Aquimarina; s__Aquimarina megaterium
1296416.JACB01000044_gene5009	r__Root; d__Bacteria; p__Bacteroidota; c__Flavobacteriia; o__Flavobacteriales; f__Flavobacteriaceae; g__Aquimarina; s__Aquimarina megaterium
1296416.JACB01000045_gene5010	r__Root; d__Bacteria; p__Bacteroidota; c__Flavobacteriia; o__Flavobacteriales; f__Flavobacteriaceae; g__Aquimarina; s__Aquimarina megaterium
1296416.JACB01000167_gene33	r__Root; d__Bacteria; p__Bacteroidota; c__Flavobacteriia; o__Flavobacteriales; f__Flavobacteriaceae; g__Aquimarina; s__Aquimarina megaterium
1297570.MESS4_340035	r__Root; d__Bacteria; p__Pseudomonadota; c__Alphaproteobacteria; o__Hyphomicrobiales; f__Phyllobacteriaceae; g__Mesorhizobium; s__Mesorhizobium sp. STM 4661
1297742.A176_00604	r__Root; d__Bacteria; p__Myxococcota; c__Myxococcia; o__Myxococcales; f__Myxococcaceae; g__Myxococcus; s__Myxococcus hansupus
1297742.A176_05812	r__Root; d__Bacteria; p__Myxococcota; c__Myxococcia; o__Myxococcales; f__Myxococcaceae; g__Myxococcus; s__Myxococcus hansupus
1300150.EMQU_1347	r__Root; d__Bacteria; p__Bacillota; c__Bacilli; o__Lactobacillales; f__Enterococcaceae; g__Enterococcus; s__Enterococcus mundtii
1304883.KI912532_gene1096	r__Root; d__Bacteria; p__Pseudomonadota; c__Betaproteobacteria; o__Rhodocyclales; f__Azonexaceae; g__Dechloromonas; s__Dechloromonas agitata
123214.PERMA_1443	r__Root; d__Bacteria; p__Aquificota; c__Aquificia; o__Aquificales; f__Hydrogenothermaceae; g__Persephonella; s__Persephonella marina
1316932.MHH_c15120	r__Root; d__Bacteria; p__Pseudomonadota; c__Gammaproteobacteria; o__Pasteurellales; f__Pasteurellaceae; g__Mannheimia; s__Mannheimia haemolytica
1316932.MHH_c15130	r__Root; d__Bacteria; p__Pseudomonadota; c__Gammaproteobacteria; o__Pasteurellales; f__Pasteurellaceae; g__Mannheimia; s__Mannheimia haemolytica
1316936.K678_10726	r__Root; d__Bacteria; p__Pseudomonadota; c__Alphaproteobacteria; o__Rhodospirillales; f__Rhodospirillaceae; g__Magnetospirillum; s__Magnetospirillum fulvum
1325130.HFN_2071	r__Root; d__Bacteria; p__Campylobacterota; c__Epsilonproteobacteria; o__Campylobacterales; f__Helicobacteraceae; g__Helicobacter; s__Helicobacter fennelliae
1329250.WOSG25_040560	r__Root; d__Bacteria; p__Bacillota; c__Bacilli; o__Lactobacillales; f__Lactobacillaceae; g__Weissella; s__Weissella oryzae
1333856.L686_01895	r__Root; d__Bacteria; p__Pseudomonadota; c__Gammaproteobacteria; o__Pseudomonadales; f__Pseudomonadaceae; g__Stutzerimonas; s__Stutzerimonas stutzeri
1341679.P253_00128	r__Root; d__Bacteria; p__Pseudomonadota; c__Gammaproteobacteria; o__Moraxellales; f__Moraxellaceae; g__Acinetobacter; s__Acinetobacter indicus
1345592.CBOM010000012_gene1053	r__Root; d__Bacteria; p__Campylobacterota; c__Epsilonproteobacteria; o__Campylobacterales; f__Helicobacteraceae; g__Helicobacter; s__Helicobacter pylori
1348635.BBJY01000017_gene4083	r__Root; d__Bacteria; p__Pseudomonadota; c__Gammaproteobacteria; o__Vibrionales; f__Vibrionaceae; g__Vibrio; s__Vibrio diazotrophicus
1348657.M622_11820	r__Root; d__Bacteria; p__Pseudomonadota; c__Betaproteobacteria; o__Rhodocyclales; f__Zoogloeaceae; g__Thauera; s__Thauera terpenica
136993.KB900626_gene3388	r__Root; d__Bacteria; p__Pseudomonadota; c__Alphaproteobacteria; o__Hyphomicrobiales; f__Methylocystaceae; g__Methylosinus; s__Methylosinus sp. LW4
1349767.GJA_834	r__Root; d__Bacteria; p__Pseudomonadota; c__Betaproteobacteria; o__Burkholderiales; f__Oxalobacteraceae; g__Janthinobacterium; s__Janthinobacterium agaricidamnosum
1349785.BAUG01000008_gene686	r__Root; d__Bacteria; p__Bacteroidota; c__Flavobacteriia; o__Flavobacteriales; f__Flavobacteriaceae; g__Tenacibaculum; s__Tenacibaculum maritimum
1353531.AZNX01000012_gene3828	r__Root
1357400.HMPREF2086_00294	r__Root; d__Bacteria; p__Campylobacterota; c__Epsilonproteobacteria; o__Campylobacterales; f__Helicobacteraceae; g__Helicobacter; s__Helicobacter macacae
1366050.N234_33505	r__Root; d__Bacteria; p__Pseudomonadota; c__Betaproteobacteria; o__Burkholderiales; f__Burkholderiaceae; g__Ralstonia; s__Ralstonia pickettii
1380394.JADL01000003_gene4976	r__Root; d__Bacteria; p__Pseudomonadota; c__Alphaproteobacteria; o__Rhodospirillales
1384049.CD29_11290	r__Root; d__Bacteria; p__Bacillota; c__Bacilli; o__Bacillales; f__Caryophanaceae; g__Ureibacillus; s__Ureibacillus manganicus
1384057.CD33_02835	r__Root; d__Bacteria; p__Bacillota; c__Bacilli; o__Bacillales; f__Caryophanaceae; g__Ureibacillus; s__Ureibacillus sinduriensis
1385935.N836_23335	r__Root; d__Bacteria; p__Cyanobacteriota; c__Cyanophyceae; o__Leptolyngbyales; f__Leptolyngbyaceae; g__Leptolyngbya; s__Leptolyngbya sp. Heron Island J
1387197.AWGA01000016_gene415	r__Root; d__Bacteria; p__Pseudomonadota; c__Gammaproteobacteria; o__Orbales; f__Orbaceae; g__Candidatus Schmidhempelia; s__Candidatus Schmidhempelia bombi
148814.JI66_03440	r__Root; d__Bacteria; p__Bacillota; c__Bacilli; o__Lactobacillales; f__Lactobacillaceae; g__Apilactobacillus; s__Apilactobacillus kunkeei
1387312.BAUS01000002_gene447	r__Root; d__Bacteria; p__Pseudomonadota; c__Betaproteobacteria; o__Nitrosomonadales; f__Methylophilaceae; g__Methylophilus; s__Methylophilus sp. OH31
1389489.O159_18170	r__Root; d__Bacteria; p__Actinomycetota; c__Actinomycetes; o__Micrococcales; f__Microbacteriaceae; g__Leifsonia; s__Leifsonia xyli
1389489.O159_18180	r__Root; d__Bacteria; p__Actinomycetota; c__Actinomycetes; o__Micrococcales; f__Microbacteriaceae; g__Leifsonia; s__Leifsonia xyli
1397284.AYMN01000010_gene2966	r__Root; d__Bacteria; p__Pseudomonadota; c__Gammaproteobacteria; o__Enterobacterales; f__Yersiniaceae; g__Serratia; s__Serratia sp. H1n
1400520.LFAB_12050	r__Root; d__Bacteria; p__Bacillota; c__Bacilli; o__Lactobacillales; f__Lactobacillaceae; g__Lactiplantibacillus; s__Lactiplantibacillus fabifermentans
1407650.BAUB01000033_gene2893	r__Root; d__Bacteria; p__Cyanobacteriota; c__Cyanophyceae; o__Chroococcales; f__Geminocystaceae; g__Picosynechococcus; s__Picosynechococcus sp. NKBG15041c
1408224.SAMCCGM7_c3250	r__Root; d__Bacteria; p__Pseudomonadota; c__Alphaproteobacteria; o__Hyphomicrobiales; f__Rhizobiaceae; g__Sinorhizobium; s__Sinorhizobium americanum
1408226.T233_00911	r__Root; d__Bacteria; p__Bacillota; c__Bacilli; o__Lactobacillales; f__Enterococcaceae; g__Vagococcus; s__Vagococcus lutrae
1410619.SRDD_11090	r__Root; d__Bacteria; p__Pseudomonadota; c__Gammaproteobacteria; o__Enterobacterales; f__Yersiniaceae; g__Serratia; s__Serratia sp. DD3
1415778.JQMM01000001_gene235	r__Root; d__Bacteria; p__Pseudomonadota; c__Gammaproteobacteria; o__Cellvibrionales; f__Porticoccaceae; g__Porticoccus; s__Porticoccus hydrocarbonoclasticus
153948.NAL212_1475	r__Root; d__Bacteria; p__Pseudomonadota; c__Betaproteobacteria; o__Nitrosomonadales; f__Nitrosomonadaceae; g__Nitrosomonas; s__Nitrosomonas sp. AL212
1423732.BALS01000009_gene727	r__Root; d__Bacteria; p__Bacillota; c__Bacilli; o__Lactobacillales; f__Lactobacillaceae; g__Lacticaseibacillus; s__Lacticaseibacillus casei
1423734.JCM14202_1439	r__Root; d__Bacteria; p__Bacillota; c__Bacilli; o__Lactobacillales; f__Lactobacillaceae; g__Agrilactobacillus; s__Agrilactobacillus composti
1423743.JCM14108_2428	r__Root; d__Bacteria; p__Bacillota; c__Bacilli; o__Lactobacillales; f__Lactobacillaceae; g__Lentilactobacillus; s__Lentilactobacillus farraginis
1423780.LOT_0947	r__Root; d__Bacteria; p__Bacillota; c__Bacilli; o__Lactobacillales; f__Lactobacillaceae; g__Lentilactobacillus; s__Lentilactobacillus otakiensis
1423806.JCM15457_1727	r__Root; d__Bacteria; p__Bacillota; c__Bacilli; o__Lactobacillales; f__Lactobacillaceae; g__Liquorilactobacillus; s__Liquorilactobacillus sucicola
1423807.BACO01000019_gene605	r__Root; d__Bacteria; p__Bacillota; c__Bacilli; o__Lactobacillales; f__Lactobacillaceae; g__Paucilactobacillus; s__Paucilactobacillus suebicus
1423816.BACQ01000075_gene2609	r__Root; d__Bacteria; p__Bacillota; c__Bacilli; o__Lactobacillales; f__Lactobacillaceae; g__Lacticaseibacillus; s__Lacticaseibacillus zeae
1441930.Z042_09470	r__Root; d__Bacteria; p__Pseudomonadota; c__Gammaproteobacteria; o__Enterobacterales; f__Yersiniaceae; g__Chania; s__Chania multitudinisentens
1443113.LC20_01579	r__Root; d__Bacteria; p__Pseudomonadota; c__Gammaproteobacteria; o__Enterobacterales; f__Yersiniaceae; g__Yersinia; s__Yersinia enterocolitica
1443665.JACA01000014_gene4544	r__Root; d__Bacteria; p__Bacteroidota; c__Flavobacteriia; o__Flavobacteriales; f__Flavobacteriaceae; g__Aquimarina; s__Aquimarina macrocephali
159087.Daro_3922	r__Root; d__Bacteria; p__Pseudomonadota; c__Betaproteobacteria; o__Rhodocyclales; f__Azonexaceae; g__Dechloromonas; s__Dechloromonas aromatica (nom. nud.)
1443665.JACA01000039_gene1006	r__Root; d__Bacteria; p__Bacteroidota; c__Flavobacteriia; o__Flavobacteriales; f__Flavobacteriaceae; g__Aquimarina; s__Aquimarina macrocephali
1443665.JACA01000040_gene1005	r__Root; d__Bacteria; p__Bacteroidota; c__Flavobacteriia; o__Flavobacteriales; f__Flavobacteriaceae; g__Aquimarina; s__Aquimarina macrocephali
1443665.JACA01000041_gene1500	r__Root; d__Bacteria; p__Bacteroidota; c__Flavobacteriia; o__Flavobacteriales; f__Flavobacteriaceae; g__Aquimarina; s__Aquimarina macrocephali
1443665.JACA01000056_gene3204	r__Root; d__Bacteria; p__Bacteroidota; c__Flavobacteriia; o__Flavobacteriales; f__Flavobacteriaceae; g__Aquimarina; s__Aquimarina macrocephali
1448139.AI20_02300	r__Root; d__Bacteria; p__Pseudomonadota; c__Gammaproteobacteria; o__Aeromonadales; f__Aeromonadaceae; g__Aeromonas; s__Aeromonas hydrophila
1449335.JQLG01000004_gene2258	r__Root; d__Bacteria; p__Bacillota; c__Bacilli; o__Lactobacillales; f__Carnobacteriaceae; g__Carnobacterium; s__Carnobacterium alterfunditum
1449336.JQLO01000001_gene2028	r__Root; d__Bacteria; p__Bacillota; c__Bacilli; o__Lactobacillales; f__Carnobacteriaceae; g__Carnobacterium; s__Carnobacterium divergens
1449336.JQLO01000001_gene929	r__Root; d__Bacteria; p__Bacillota; c__Bacilli; o__Lactobacillales; f__Carnobacteriaceae; g__Carnobacterium; s__Carnobacterium divergens
1449337.JQLL01000001_gene1339	r__Root; d__Bacteria; p__Bacillota; c__Bacilli; o__Lactobacillales; f__Carnobacteriaceae; g__Carnobacterium; s__Carnobacterium funditum
1449337.JQLL01000001_gene389	r__Root; d__Bacteria; p__Bacillota; c__Bacilli; o__Lactobacillales; f__Carnobacteriaceae; g__Carnobacterium; s__Carnobacterium funditum
163908.KB235896_gene3367	r__Root; d__Bacteria; p__Cyanobacteriota; c__Cyanophyceae; o__Nostocales; f__Nostocaceae; g__Anabaena; s__Anabaena sp. PCC 7108
1449338.JQLU01000004_gene305	r__Root; d__Bacteria; p__Bacillota; c__Bacilli; o__Lactobacillales; f__Carnobacteriaceae; g__Carnobacterium; s__Carnobacterium gallinarum
1449338.JQLU01000005_gene1417	r__Root; d__Bacteria; p__Bacillota; c__Bacilli; o__Lactobacillales; f__Carnobacteriaceae; g__Carnobacterium; s__Carnobacterium gallinarum
1449342.JQMR01000001_gene487	r__Root; d__Bacteria; p__Bacillota; c__Bacilli; o__Lactobacillales; f__Carnobacteriaceae; g__Carnobacterium; s__Carnobacterium mobile
1449343.JQLQ01000002_gene1274	r__Root; d__Bacteria; p__Bacillota; c__Bacilli; o__Lactobacillales; f__Carnobacteriaceae; g__Carnobacterium; s__Carnobacterium pleistocenium
1454004.AW11_00205	r__Root
1454202.PPBDW_60004___1	r__Root; d__Bacteria; p__Pseudomonadota; c__Gammaproteobacteria; o__Vibrionales; f__Vibrionaceae; g__Photobacterium; s__Photobacterium phosphoreum
1458275.AZ34_03690	r__Root; d__Bacteria; p__Pseudomonadota; c__Betaproteobacteria; o__Burkholderiales; f__Comamonadaceae; g__Hylemonella; s__Hylemonella gracilis
1463825.JNXC01000022_gene578	r__Root; d__Bacteria; p__Actinomycetota; c__Actinomycetes; o__Pseudonocardiales; f__Pseudonocardiaceae; g__Saccharothrix; s__Saccharothrix sp. NRRL B-16314
1463903.JOIZ01000017_gene903	r__Root; d__Bacteria; p__Actinomycetota; c__Actinomycetes; o__Kitasatosporales; f__Streptomycetaceae; g__Streptomyces; s__Streptomyces sp. NRRL S-37
1469245.JFBG01000083_gene246	r__Root; d__Bacteria; p__Pseudomonadota; c__Gammaproteobacteria; o__Chromatiales; f__Ectothiorhodospiraceae; g__Thioalkalivibrio; s__Thioalkalivibrio sp. HK1
1140.Synpcc7942_1388	r__Root; d__Bacteria; p__Cyanobacteriota; c__Cyanophyceae; o__Synechococcales; f__Synechococcaceae; g__Synechococcus; s__Synechococcus elongatus
169963.lmo0811	r__Root; d__Bacteria; p__Bacillota; c__Bacilli; o__Bacillales; f__Listeriaceae; g__Listeria; s__Listeria monocytogenes
1472716.KBK24_0117370	r__Root; d__Bacteria; p__Pseudomonadota; c__Betaproteobacteria; o__Burkholderiales; f__Burkholderiaceae; g__Burkholderia; s__Burkholderia sp. K24
1484157.PSNIH2_16220	r__Root; d__Bacteria; p__Pseudomonadota; c__Gammaproteobacteria; o__Enterobacterales; f__Erwiniaceae; g__Pantoea; s__Pantoea sp. PSNIH2
1497679.EP56_03170	r__Root; d__Bacteria; p__Bacillota; c__Bacilli; o__Bacillales; f__Listeriaceae
1497679.EP56_16020	r__Root; d__Bacteria; p__Bacillota; c__Bacilli; o__Bacillales; f__Listeriaceae
1500301.JQMF01000028_gene2834	r__Root; d__Bacteria; p__Pseudomonadota; c__Alphaproteobacteria; o__Hyphomicrobiales; f__Rhizobiaceae; g__Rhizobium; s__Rhizobium sp. CF097
1500894.JQNN01000001_gene2886	r__Root; d__Bacteria; p__Pseudomonadota; c__Betaproteobacteria; o__Burkholderiales; f__Oxalobacteraceae; g__Massilia; s__Massilia sp. 9096
1502770.JQMG01000001_gene1762	r__Root; d__Bacteria; p__Pseudomonadota; c__Betaproteobacteria; o__Nitrosomonadales; f__Methylophilaceae; g__Methylotenera; s__Methylotenera sp. L2L1
1502852.FG94_03975	r__Root; d__Bacteria; p__Pseudomonadota; c__Betaproteobacteria; o__Burkholderiales; f__Oxalobacteraceae; g__Massilia; s__Massilia sp. LC238
1509403.GW12_13300	r__Root; d__Bacteria; p__Pseudomonadota; c__Gammaproteobacteria; o__Moraxellales; f__Moraxellaceae; g__Acinetobacter; s__Acinetobacter sp. HR7
1517681.HW45_13780	r__Root; d__Bacteria; p__Pseudomonadota; c__Gammaproteobacteria; o__Vibrionales; f__Vibrionaceae; g__Vibrio; s__Vibrio sp. ER1A
182217.HCW_07570	r__Root; d__Bacteria; p__Campylobacterota; c__Epsilonproteobacteria; o__Campylobacterales; f__Helicobacteraceae; g__Helicobacter; s__Helicobacter cetorum
1524467.IV04_10410	r__Root; d__Bacteria; p__Pseudomonadota; c__Gammaproteobacteria; o__Enterobacterales; f__Yersiniaceae; g__Serratia; s__Serratia sp. Ag1
1536772.R70723_08570	r__Root; d__Bacteria; p__Bacillota; c__Bacilli; o__Bacillales; f__Paenibacillaceae; g__Paenibacillus; s__Paenibacillus sp. FSL R7-0273
1536773.R70331_08520	r__Root; d__Bacteria; p__Bacillota; c__Bacilli; o__Bacillales; f__Paenibacillaceae; g__Paenibacillus; s__Paenibacillus sp. FSL R7-0331
1536774.H70357_08505	r__Root; d__Bacteria; p__Bacillota; c__Bacilli; o__Bacillales; f__Paenibacillaceae; g__Paenibacillus; s__Paenibacillus sp. FSL H7-0357
1537917.JU82_02010	r__Root; d__Bacteria; p__Campylobacterota; c__Epsilonproteobacteria; o__Campylobacterales; f__Sulfurimonadaceae; g__Sulfuricurvum; s__Sulfuricurvum sp. MLSB
1541065.JRFE01000001_gene2633	r__Root; d__Bacteria; p__Cyanobacteriota; c__Cyanophyceae; o__Pleurocapsales; f__Hyellaceae; g__Myxosarcina; s__Myxosarcina sp. GI1
1541065.JRFE01000003_gene5444	r__Root; d__Bacteria; p__Cyanobacteriota; c__Cyanophyceae; o__Pleurocapsales; f__Hyellaceae; g__Myxosarcina; s__Myxosarcina sp. GI1
1547445.LO80_01210	r__Root
1552123.EP57_02830	r__Root; d__Bacteria; p__Bacillota; c__Bacilli; o__Bacillales; f__Listeriaceae; g__Listeria; s__Listeria booriae
1552123.EP57_04915	r__Root; d__Bacteria; p__Bacillota; c__Bacilli; o__Bacillales; f__Listeriaceae; g__Listeria; s__Listeria booriae
189425.PGRAT_07865	r__Root; d__Bacteria; p__Bacillota; c__Bacilli; o__Bacillales; f__Paenibacillaceae; g__Paenibacillus; s__Paenibacillus graminis
1552123.EP57_04965	r__Root; d__Bacteria; p__Bacillota; c__Bacilli; o__Bacillales; f__Listeriaceae; g__Listeria; s__Listeria booriae
1552123.EP57_10520	r__Root; d__Bacteria; p__Bacillota; c__Bacilli; o__Bacillales; f__Listeriaceae; g__Listeria; s__Listeria booriae
1552123.EP57_12290	r__Root; d__Bacteria; p__Bacillota; c__Bacilli; o__Bacillales; f__Listeriaceae; g__Listeria; s__Listeria booriae
1552123.EP57_14260	r__Root; d__Bacteria; p__Bacillota; c__Bacilli; o__Bacillales; f__Listeriaceae; g__Listeria; s__Listeria booriae
1552123.EP57_16080	r__Root; d__Bacteria; p__Bacillota; c__Bacilli; o__Bacillales; f__Listeriaceae; g__Listeria; s__Listeria booriae
190486.XAC4079	r__Root; d__Bacteria; p__Pseudomonadota; c__Gammaproteobacteria; o__Lysobacterales; f__Lysobacteraceae; g__Xanthomonas; s__Xanthomonas citri
196162.Noca_0359	r__Root; d__Bacteria; p__Actinomycetota; c__Actinomycetes; o__Propionibacteriales; f__Nocardioidaceae; g__Nocardioides; s__Nocardioides sp. JS614
196367.JNFG01000049_gene1593	r__Root; d__Bacteria; p__Pseudomonadota; c__Betaproteobacteria; o__Burkholderiales; f__Burkholderiaceae; g__Caballeronia; s__Caballeronia sordidicola
196490.AUEZ01000039_gene7069	r__Root; d__Bacteria; p__Pseudomonadota; c__Alphaproteobacteria; o__Hyphomicrobiales; f__Nitrobacteraceae; g__Bradyrhizobium; s__Bradyrhizobium sp. Ai1a-2
202752.JL53_04670	r__Root; d__Bacteria; p__Bacillota; c__Bacilli; o__Bacillales; f__Listeriaceae; g__Listeria; s__Listeria ivanovii
202952.BBLI01000004_gene464	r__Root; d__Bacteria; p__Pseudomonadota; c__Gammaproteobacteria; o__Moraxellales; f__Moraxellaceae; g__Acinetobacter; s__Acinetobacter gerneri
203120.LEUM_2073	r__Root; d__Bacteria; p__Bacillota; c__Bacilli; o__Lactobacillales; f__Lactobacillaceae; g__Leuconostoc; s__Leuconostoc mesenteroides
1246.JMEA01000009_gene527	r__Root; d__Bacteria; p__Bacillota; c__Bacilli; o__Lactobacillales; f__Lactobacillaceae; g__Leuconostoc; s__Leuconostoc lactis
203123.OEOE_0238	r__Root; d__Bacteria; p__Bacillota; c__Bacilli; o__Lactobacillales; f__Lactobacillaceae; g__Oenococcus; s__Oenococcus oeni
204536.SULAZ_0541	r__Root; d__Bacteria; p__Aquificota; c__Aquificia; o__Aquificales; f__Hydrogenothermaceae; g__Sulfurihydrogenibium; s__Sulfurihydrogenibium azorense
208439.AJAP_14790	r__Root; d__Bacteria; p__Actinomycetota; c__Actinomycetes; o__Pseudonocardiales; f__Pseudonocardiaceae; g__Amycolatopsis; s__Amycolatopsis japonica
208596.CAR_c12200	r__Root; d__Bacteria; p__Bacillota; c__Bacilli; o__Lactobacillales; f__Carnobacteriaceae; g__Carnobacterium; s__Carnobacterium sp. 17-4
210007.SMU_1595	r__Root; d__Bacteria; p__Bacillota; c__Bacilli; o__Lactobacillales; f__Streptococcaceae; g__Streptococcus; s__Streptococcus mutans
218491.ECA0257	r__Root; d__Bacteria; p__Pseudomonadota; c__Gammaproteobacteria; o__Enterobacterales; f__Pectobacteriaceae; g__Pectobacterium; s__Pectobacterium atrosepticum
218493.SBG_3001	r__Root; d__Bacteria; p__Pseudomonadota; c__Gammaproteobacteria; o__Enterobacterales; f__Enterobacteriaceae; g__Salmonella; s__Salmonella bongori
220668.lp_2736	r__Root; d__Bacteria; p__Bacillota; c__Bacilli; o__Lactobacillales; f__Lactobacillaceae; g__Lactiplantibacillus; s__Lactiplantibacillus plantarum
221288.JH992901_gene1901	r__Root; d__Bacteria; p__Cyanobacteriota; c__Cyanophyceae; o__Nostocales; f__Symphyonemataceae; g__Mastigocladopsis; s__Mastigocladopsis repens
221988.MS1805	r__Root; d__Bacteria; p__Pseudomonadota; c__Gammaproteobacteria; o__Pasteurellales; f__Pasteurellaceae; g__Basfia; s__[Mannheimia] succiniciproducens
1713.JOFV01000008_gene3286	r__Root; d__Bacteria; p__Actinomycetota; c__Actinomycetes; o__Micrococcales; f__Cellulomonadaceae; g__Oerskovia; s__Oerskovia turbata
223926.28808359	r__Root; d__Bacteria; p__Pseudomonadota; c__Gammaproteobacteria; o__Vibrionales; f__Vibrionaceae; g__Vibrio; s__Vibrio parahaemolyticus
223926.28809904	r__Root; d__Bacteria; p__Pseudomonadota; c__Gammaproteobacteria; o__Vibrionales; f__Vibrionaceae; g__Vibrio; s__Vibrio parahaemolyticus
224911.27349388	r__Root; d__Bacteria; p__Pseudomonadota; c__Alphaproteobacteria; o__Hyphomicrobiales; f__Nitrobacteraceae; g__Bradyrhizobium; s__Bradyrhizobium diazoefficiens
226185.EF_1711	r__Root; d__Bacteria; p__Bacillota; c__Bacilli; o__Lactobacillales; f__Enterococcaceae; g__Enterococcus; s__Enterococcus faecalis
228410.NE0606	r__Root; d__Bacteria; p__Pseudomonadota; c__Betaproteobacteria; o__Nitrosomonadales; f__Nitrosomonadaceae; g__Nitrosomonas; s__Nitrosomonas europaea
235279.HH_0921	r__Root; d__Bacteria; p__Campylobacterota; c__Epsilonproteobacteria; o__Campylobacterales; f__Helicobacteraceae; g__Helicobacter; s__Helicobacter hepaticus
240292.Ava_0973	r__Root; d__Bacteria; p__Cyanobacteriota; c__Cyanophyceae; o__Nostocales; f__Nostocaceae; g__Trichormus; s__Trichormus variabilis
240302.BN982_02469	r__Root; d__Bacteria; p__Bacillota; c__Bacilli; o__Bacillales; f__Bacillaceae; g__Halobacillus; s__Halobacillus dabanensis
243090.RB4267	r__Root; d__Bacteria; p__Planctomycetota; c__Planctomycetia; o__Pirellulales; f__Pirellulaceae; g__Rhodopirellula; s__Rhodopirellula baltica
243233.MCA1080	r__Root; d__Bacteria; p__Pseudomonadota; c__Gammaproteobacteria; o__Methylococcales; f__Methylococcaceae; g__Methylococcus; s__Methylococcus capsulatus
28072.Nos7524_2871	r__Root; d__Bacteria; p__Cyanobacteriota; c__Cyanophyceae; o__Nostocales; f__Nostocaceae; g__Nostoc; s__Nostoc sp. PCC 7524
243277.VC_A0274	r__Root; d__Bacteria; p__Pseudomonadota; c__Gammaproteobacteria; o__Vibrionales; f__Vibrionaceae; g__Vibrio; s__Vibrio cholerae
247490.KSU1_C1630	r__Root; d__Bacteria; p__Planctomycetota; c__Candidatus Brocadiia; o__Candidatus Brocadiales; f__Candidatus Brocadiaceae; g__Candidatus Jettenia; s__Candidatus Jettenia caeni
258594.RPA0794	r__Root; d__Bacteria; p__Pseudomonadota; c__Alphaproteobacteria; o__Hyphomicrobiales; f__Nitrobacteraceae; g__Rhodopseudomonas; s__Rhodopseudomonas palustris
261292.Nit79A3_2122	r__Root; d__Bacteria; p__Pseudomonadota; c__Betaproteobacteria; o__Nitrosomonadales; f__Nitrosomonadaceae; g__Nitrosomonas; s__Nitrosomonas sp. Is79A3
261292.Nit79A3_2133	r__Root; d__Bacteria; p__Pseudomonadota; c__Betaproteobacteria; o__Nitrosomonadales; f__Nitrosomonadaceae; g__Nitrosomonas; s__Nitrosomonas sp. Is79A3
264198.Reut_A0030	r__Root; d__Bacteria; p__Pseudomonadota; c__Betaproteobacteria; o__Burkholderiales; f__Burkholderiaceae; g__Cupriavidus; s__Cupriavidus pinatubonensis
264199.stu1658	r__Root; d__Bacteria; p__Bacillota; c__Bacilli; o__Lactobacillales; f__Streptococcaceae; g__Streptococcus; s__Streptococcus thermophilus
266835.14026092	r__Root; d__Bacteria; p__Pseudomonadota; c__Alphaproteobacteria; o__Hyphomicrobiales; f__Phyllobacteriaceae; g__Mesorhizobium; s__Mesorhizobium japonicum
268407.PWYN_04435	r__Root; d__Bacteria; p__Bacillota; c__Bacilli; o__Bacillales; f__Paenibacillaceae; g__Paenibacillus; s__Paenibacillus wynnii
269084.syc0167_c	r__Root; d__Bacteria; p__Cyanobacteriota; c__Cyanophyceae; o__Synechococcales; f__Synechococcaceae; g__Synechococcus; s__Synechococcus elongatus
